profile,seed,damage_pct,score,stars,steps,ticks,terminated,truncated
medium,300000,0.672429906542056,2.672429906542056,2,80,794,True,False
hard,300001,0.2625858123569794,0.2625858123569794,0,66,655,True,False
medium,300002,0.8607476635514019,2.8607476635514018,2,85,846,True,False
hard,300003,0.3835812356979405,0.3835812356979405,0,76,756,True,False
medium,300004,0.3095015576323987,0.3095015576323987,0,64,640,True,False
hard,300005,0.22013729977116706,0.22013729977116706,0,61,602,True,False
medium,300006,0.38302180685358256,0.38302180685358256,0,63,630,True,False
hard,300007,0.24536613272311214,0.24536613272311214,0,56,559,True,False
medium,300008,0.52702492211838,1.52702492211838,1,73,729,True,False
hard,300009,0.10835240274599542,0.10835240274599542,0,58,579,True,False
medium,300010,0.5535046728971963,2.5535046728971964,2,90,900,False,True
hard,300011,0.12517162471395882,0.12517162471395882,0,60,600,True,False
medium,300012,0.5467289719626168,1.546728971962617,1,64,636,True,False
hard,300013,0.3732837528604119,0.3732837528604119,0,75,744,True,False
medium,300014,0.4004127725856698,0.4004127725856698,0,74,734,True,False
hard,300015,0.29691075514874143,0.29691075514874143,0,62,615,True,False
medium,300016,0.7899532710280374,2.7899532710280375,2,73,722,True,False
hard,300017,0.12585812356979406,0.12585812356979406,0,63,629,True,False
medium,300018,0.3644859813084112,0.3644859813084112,0,65,643,True,False
hard,300019,0.06378718535469108,0.06378718535469108,0,76,759,True,False
medium,300020,0.6931464174454829,2.693146417445483,2,62,618,True,False
hard,300021,0.20966819221967964,0.20966819221967964,0,67,668,True,False
medium,300022,0.5115264797507788,2.5115264797507786,2,61,603,True,False
hard,300023,0.1647025171624714,0.1647025171624714,0,72,713,True,False
medium,300024,0.3433021806853583,0.3433021806853583,0,66,651,True,False
hard,300025,0.1301487414187643,0.1301487414187643,0,57,568,True,False
medium,300026,1.0,4.0,3,61,610,True,False
hard,300027,0.2685354691075515,0.2685354691075515,0,63,622,True,False
medium,300028,0.4381619937694704,0.4381619937694704,0,72,720,True,False
hard,300029,0.20520594965675057,0.20520594965675057,0,58,572,True,False
medium,300030,0.4554517133956386,0.4554517133956386,0,59,583,True,False
hard,300031,0.25085812356979403,0.25085812356979403,0,59,583,True,False
medium,300032,0.5969626168224299,2.59696261682243,2,84,833,True,False
hard,300033,0.23443363844393592,0.23443363844393592,0,68,673,True,False
medium,300034,0.6121495327102804,1.6121495327102804,1,90,900,False,True
hard,300035,0.25600686498855835,0.25600686498855835,0,63,629,True,False
medium,300036,0.29042056074766354,0.29042056074766354,0,63,622,True,False
hard,300037,0.20068649885583523,0.20068649885583523,0,65,645,True,False
medium,300038,0.275,0.275,0,63,626,True,False
hard,300039,0.2173340961098398,0.2173340961098398,0,66,652,True,False
medium,300040,0.40420560747663553,0.40420560747663553,0,58,578,True,False
hard,300041,0.22906178489702517,0.22906178489702517,0,60,596,True,False
medium,300042,0.6577881619937694,1.6577881619937695,1,82,815,True,False
hard,300043,0.2496567505720824,0.2496567505720824,0,65,641,True,False
medium,300044,0.4098909657320872,0.4098909657320872,0,63,625,True,False
hard,300045,0.3259153318077803,0.3259153318077803,0,81,810,True,False
medium,300046,0.949221183800623,2.9492211838006233,2,86,859,True,False
hard,300047,0.1362700228832952,0.1362700228832952,0,61,604,True,False
medium,300048,0.5722741433021807,1.5722741433021807,1,76,759,True,False
hard,300049,0.33918764302059495,0.33918764302059495,0,71,708,True,False
medium,300050,0.564018691588785,1.564018691588785,1,72,720,True,False
hard,300051,0.23575514874141876,0.23575514874141876,0,79,788,True,False
medium,300052,0.2526479750778816,0.2526479750778816,0,79,781,True,False
hard,300053,0.4109267734553776,0.4109267734553776,0,66,659,True,False
medium,300054,0.6555295950155763,2.6555295950155764,2,80,794,True,False
hard,300055,0.05045766590389016,0.05045766590389016,0,58,574,True,False
medium,300056,0.45397196261682243,0.45397196261682243,0,66,659,True,False
hard,300057,0.3306636155606407,0.3306636155606407,0,77,764,True,False
medium,300058,0.5674454828660436,1.5674454828660436,1,90,900,False,True
hard,300059,0.17986270022883294,0.17986270022883294,0,59,585,True,False
medium,300060,0.8141744548286605,2.8141744548286605,2,72,716,True,False
hard,300061,0.28941647597254005,0.28941647597254005,0,59,587,True,False
medium,300062,0.6544392523364486,2.6544392523364486,2,90,900,False,True
hard,300063,0.3715675057208238,0.3715675057208238,0,68,677,True,False
medium,300064,0.26791277258566976,0.26791277258566976,0,70,697,True,False
hard,300065,0.13066361556064074,0.13066361556064074,0,58,579,True,False
medium,300066,0.8943146417445483,1.8943146417445482,1,76,753,True,False
hard,300067,0.21121281464530892,0.21121281464530892,0,58,575,True,False
medium,300068,0.6050623052959502,1.60506230529595,1,70,695,True,False
hard,300069,0.3623569794050343,0.3623569794050343,0,90,900,False,True
medium,300070,0.6968847352024922,2.696884735202492,2,78,780,True,False
hard,300071,0.16521739130434782,0.16521739130434782,0,72,711,True,False
medium,300072,0.4969626168224299,0.4969626168224299,0,68,673,True,False
hard,300073,0.1784324942791762,0.1784324942791762,0,60,600,True,False
medium,300074,0.7674454828660436,2.7674454828660435,2,90,900,False,True
hard,300075,0.10943935926773456,0.10943935926773456,0,60,594,True,False
medium,300076,0.5010903426791278,1.5010903426791278,1,66,655,True,False
hard,300077,0.12185354691075514,0.12185354691075514,0,59,587,True,False
medium,300078,0.746183800623053,2.746183800623053,2,90,900,False,True
hard,300079,0.15434782608695652,0.15434782608695652,0,78,780,True,False
medium,300080,0.5228193146417446,2.522819314641745,2,64,640,True,False
hard,300081,0.2628146453089245,0.2628146453089245,0,60,596,True,False
medium,300082,0.3102803738317757,0.3102803738317757,0,60,595,True,False
hard,300083,0.323512585812357,0.323512585812357,0,68,678,True,False
medium,300084,0.34657320872274144,0.34657320872274144,0,66,659,True,False
hard,300085,0.19874141876430207,0.19874141876430207,0,59,590,True,False
medium,300086,0.5662772585669782,1.5662772585669782,1,90,892,True,False
hard,300087,0.16441647597254005,0.16441647597254005,0,74,738,True,False
medium,300088,0.40763239875389407,0.40763239875389407,0,71,708,True,False
hard,300089,0.12133867276887872,0.12133867276887872,0,57,564,True,False
medium,300090,0.33442367601246104,0.33442367601246104,0,75,745,True,False
hard,300091,0.2762013729977117,0.2762013729977117,0,68,679,True,False
medium,300092,0.3547507788161994,0.3547507788161994,0,64,633,True,False
hard,300093,0.1221395881006865,0.1221395881006865,0,56,553,True,False
medium,300094,0.4589563862928349,0.4589563862928349,0,65,644,True,False
hard,300095,0.39799771167048054,0.39799771167048054,0,69,684,True,False
medium,300096,0.6253894080996885,2.6253894080996885,2,65,643,True,False
hard,300097,0.21762013729977117,0.21762013729977117,0,60,600,True,False
medium,300098,0.5241433021806854,1.5241433021806854,1,69,688,True,False
hard,300099,0.25852402745995423,0.25852402745995423,0,57,569,True,False
medium,300100,0.36822429906542054,0.36822429906542054,0,65,649,True,False
hard,300101,0.14879862700228833,0.14879862700228833,0,59,587,True,False
medium,300102,0.3857476635514019,0.3857476635514019,0,70,693,True,False
hard,300103,0.27391304347826084,0.27391304347826084,0,77,763,True,False
medium,300104,0.782398753894081,1.782398753894081,1,67,668,True,False
hard,300105,0.3383295194508009,0.3383295194508009,0,60,593,True,False
medium,300106,0.7204828660436137,2.720482866043614,2,69,687,True,False
hard,300107,0.29353546910755146,0.29353546910755146,0,79,784,True,False
medium,300108,0.860202492211838,2.860202492211838,2,90,900,False,True
hard,300109,0.3217391304347826,0.3217391304347826,0,63,629,True,False
medium,300110,0.29190031152647977,0.29190031152647977,0,72,715,True,False
hard,300111,0.11744851258581236,0.11744851258581236,0,72,715,True,False
medium,300112,0.5571651090342679,2.5571651090342677,2,67,664,True,False
hard,300113,0.1919908466819222,0.1919908466819222,0,72,716,True,False
medium,300114,0.5087227414330218,1.5087227414330218,1,64,636,True,False
hard,300115,0.1826659038901602,0.1826659038901602,0,57,566,True,False
medium,300116,0.30389408099688475,0.30389408099688475,0,63,624,True,False
hard,300117,0.22854691075514874,0.22854691075514874,0,63,621,True,False
medium,300118,0.7292834890965733,2.729283489096573,2,61,604,True,False
hard,300119,0.44136155606407323,0.44136155606407323,0,67,669,True,False
medium,300120,0.5744548286604362,1.574454828660436,1,68,679,True,False
hard,300121,0.22202517162471397,0.22202517162471397,0,59,587,True,False
medium,300122,0.24104361370716512,0.24104361370716512,0,75,741,True,False
hard,300123,0.19651029748283752,0.19651029748283752,0,64,637,True,False
medium,300124,0.3037383177570093,0.3037383177570093,0,63,626,True,False
hard,300125,0.3554919908466819,0.3554919908466819,0,67,663,True,False
medium,300126,0.5818535825545171,1.5818535825545172,1,90,900,False,True
hard,300127,0.2797482837528604,0.2797482837528604,0,63,627,True,False
medium,300128,0.3694704049844237,0.3694704049844237,0,77,766,True,False
hard,300129,0.10583524027459955,0.10583524027459955,0,59,586,True,False
medium,300130,0.2961059190031153,0.2961059190031153,0,57,569,True,False
hard,300131,0.22282608695652173,0.22282608695652173,0,59,588,True,False
medium,300132,0.6688473520249221,1.668847352024922,1,90,900,False,True
hard,300133,0.17116704805491992,0.17116704805491992,0,56,556,True,False
medium,300134,0.10903426791277258,0.10903426791277258,0,62,611,True,False
hard,300135,0.4381578947368421,0.4381578947368421,0,71,702,True,False
medium,300136,0.45241433021806854,0.45241433021806854,0,74,739,True,False
hard,300137,0.15795194508009153,0.15795194508009153,0,60,593,True,False
medium,300138,0.4567757009345794,0.4567757009345794,0,90,900,False,True
hard,300139,0.20326086956521738,0.20326086956521738,0,61,601,True,False
medium,300140,0.31534267912772584,0.31534267912772584,0,66,657,True,False
hard,300141,0.20594965675057209,0.20594965675057209,0,60,596,True,False
medium,300142,0.7919781931464175,2.7919781931464174,2,88,880,True,False
hard,300143,0.2922196796338673,0.2922196796338673,0,79,787,True,False
medium,300144,0.6003894080996884,2.6003894080996885,2,63,624,True,False
hard,300145,0.21252860411899313,0.21252860411899313,0,59,585,True,False
medium,300146,0.619392523364486,1.619392523364486,1,69,687,True,False
hard,300147,0.3912471395881007,0.3912471395881007,0,60,593,True,False
medium,300148,0.7733644859813084,2.7733644859813085,2,81,809,True,False
hard,300149,0.3294050343249428,0.3294050343249428,0,67,664,True,False
medium,300150,0.9376947040498442,2.9376947040498442,2,85,849,True,False
hard,300151,0.26498855835240276,0.26498855835240276,0,60,594,True,False
medium,300152,0.40046728971962614,0.40046728971962614,0,59,590,True,False
hard,300153,0.21001144164759725,0.21001144164759725,0,61,601,True,False
medium,300154,0.3993769470404984,0.3993769470404984,0,61,610,True,False
hard,300155,0.2790045766590389,0.2790045766590389,0,79,781,True,False
medium,300156,0.30825545171339563,0.30825545171339563,0,60,593,True,False
hard,300157,0.21853546910755148,0.21853546910755148,0,76,757,True,False
medium,300158,0.553816199376947,1.553816199376947,1,66,660,True,False
hard,300159,0.29851258581235696,0.29851258581235696,0,90,900,False,True
medium,300160,0.2766433021806854,0.2766433021806854,0,58,575,True,False
hard,300161,0.3347254004576659,0.3347254004576659,0,90,900,False,True
medium,300162,0.6264797507788162,2.6264797507788162,2,78,778,True,False
hard,300163,0.19633867276887873,0.19633867276887873,0,65,641,True,False
medium,300164,1.0,4.0,3,90,891,True,False
hard,300165,0.21853546910755148,0.21853546910755148,0,59,586,True,False
medium,300166,0.3922897196261682,0.3922897196261682,0,69,688,True,False
hard,300167,0.2261441647597254,0.2261441647597254,0,63,629,True,False
medium,300168,0.5701713395638629,1.570171339563863,1,90,900,False,True
hard,300169,0.15251716247139588,0.15251716247139588,0,60,593,True,False
medium,300170,0.6034267912772585,1.6034267912772586,1,84,840,True,False
hard,300171,0.18672768878718535,0.18672768878718535,0,58,580,True,False
medium,300172,0.2541277258566978,0.2541277258566978,0,58,579,True,False
hard,300173,0.3464187643020595,0.3464187643020595,0,84,840,True,False
medium,300174,0.8098130841121496,2.8098130841121494,2,90,900,False,True
hard,300175,0.1818649885583524,0.1818649885583524,0,64,639,True,False
medium,300176,0.38029595015576323,0.38029595015576323,0,69,687,True,False
hard,300177,0.19805491990846683,0.19805491990846683,0,60,600,True,False
medium,300178,0.6651869158878505,2.6651869158878503,2,72,720,True,False
hard,300179,0.24605263157894736,0.24605263157894736,0,70,692,True,False
medium,300180,0.3492523364485981,0.3492523364485981,0,60,595,True,False
hard,300181,0.2741990846681922,0.2741990846681922,0,69,681,True,False
medium,300182,0.6347352024922118,1.634735202492212,1,65,641,True,False
hard,300183,0.17717391304347826,0.17717391304347826,0,58,574,True,False
medium,300184,0.45607476635514016,0.45607476635514016,0,62,615,True,False
hard,300185,0.3017734553775744,0.3017734553775744,0,65,650,True,False
medium,300186,0.706386292834891,2.7063862928348907,2,77,769,True,False
hard,300187,0.2500572082379863,0.2500572082379863,0,57,567,True,False
medium,300188,0.37149532710280375,0.37149532710280375,0,68,680,True,False
hard,300189,0.2084096109839817,0.2084096109839817,0,62,616,True,False
medium,300190,0.5592679127725857,1.5592679127725857,1,78,776,True,False
hard,300191,0.31859267734553776,0.31859267734553776,0,62,614,True,False
medium,300192,1.0,4.0,3,84,832,True,False
hard,300193,0.21681922196796338,0.21681922196796338,0,62,616,True,False
medium,300194,0.4092679127725857,0.4092679127725857,0,69,688,True,False
hard,300195,0.14319221967963386,0.14319221967963386,0,71,702,True,False
medium,300196,0.2646417445482866,0.2646417445482866,0,72,717,True,False
hard,300197,0.22294050343249427,0.22294050343249427,0,65,646,True,False
medium,300198,0.37904984423676014,0.37904984423676014,0,57,563,True,False
hard,300199,0.2902173913043478,0.2902173913043478,0,64,640,True,False
medium,300200,0.7598130841121495,2.7598130841121495,2,90,900,False,True
hard,300201,0.05482265446224252,0.05482265446224252,0,64,637,True,False
medium,300202,0.45584112149532713,1.455841121495327,1,71,710,True,False
hard,300203,0.3155034324942792,0.3155034324942792,0,67,662,True,False
medium,300204,0.8127725856697819,2.812772585669782,2,90,900,False,True
hard,300205,0.2628718535469107,0.2628718535469107,0,61,607,True,False
medium,300206,0.5088785046728972,1.5088785046728972,1,73,728,True,False
hard,300207,0.2501716247139588,0.2501716247139588,0,66,654,True,False
medium,300208,0.46160436137071653,0.46160436137071653,0,65,643,True,False
hard,300209,0.17391304347826086,0.17391304347826086,0,65,650,True,False
medium,300210,0.43855140186915886,0.43855140186915886,0,63,621,True,False
hard,300211,0.19284897025171624,0.19284897025171624,0,73,723,True,False
medium,300212,0.5766355140186916,1.5766355140186916,1,67,663,True,False
hard,300213,0.3157894736842105,0.3157894736842105,0,63,625,True,False
medium,300214,0.4229750778816199,0.4229750778816199,0,69,687,True,False
hard,300215,0.29376430205949655,0.29376430205949655,0,58,580,True,False
medium,300216,0.5036604361370717,1.5036604361370718,1,80,793,True,False
hard,300217,0.15337528604118994,0.15337528604118994,0,60,598,True,False
medium,300218,0.5137071651090342,2.513707165109034,2,60,599,True,False
hard,300219,0.3327231121281464,0.3327231121281464,0,59,581,True,False
medium,300220,0.2879283489096573,0.2879283489096573,0,67,663,True,False
hard,300221,0.2128146453089245,0.2128146453089245,0,65,649,True,False
medium,300222,0.46869158878504674,0.46869158878504674,0,71,709,True,False
hard,300223,0.21252860411899313,0.21252860411899313,0,63,623,True,False
medium,300224,0.8487538940809969,2.848753894080997,2,70,697,True,False
hard,300225,0.23775743707093822,0.23775743707093822,0,70,693,True,False
medium,300226,0.777803738317757,2.7778037383177567,2,67,663,True,False
hard,300227,0.3551487414187643,0.3551487414187643,0,78,772,True,False
medium,300228,0.3311526479750779,0.3311526479750779,0,66,655,True,False
hard,300229,0.18077803203661327,0.18077803203661327,0,90,900,False,True
medium,300230,0.5810747663551402,1.5810747663551403,1,72,719,True,False
hard,300231,0.18564073226544622,0.18564073226544622,0,61,601,True,False
medium,300232,0.45973520249221184,0.45973520249221184,0,62,615,True,False
hard,300233,0.33375286041189933,0.33375286041189933,0,90,900,False,True
medium,300234,0.848208722741433,2.848208722741433,2,83,827,True,False
hard,300235,0.27854691075514876,0.27854691075514876,0,75,743,True,False
medium,300236,0.5687694704049844,1.5687694704049844,1,81,805,True,False
hard,300237,0.2465675057208238,0.2465675057208238,0,62,613,True,False
medium,300238,0.7614485981308411,2.761448598130841,2,90,900,False,True
hard,300239,0.07379862700228833,0.07379862700228833,0,60,593,True,False
medium,300240,0.5367601246105919,1.5367601246105917,1,66,654,True,False
hard,300241,0.10503432494279176,0.10503432494279176,0,58,579,True,False
medium,300242,0.5043613707165109,1.5043613707165109,1,73,723,True,False
hard,300243,0.2537757437070938,0.2537757437070938,0,70,698,True,False
medium,300244,0.4883956386292835,0.4883956386292835,0,68,677,True,False
hard,300245,0.29822654462242565,0.29822654462242565,0,58,580,True,False
medium,300246,0.6575545171339564,1.6575545171339563,1,90,900,False,True
hard,300247,0.2914187643020595,0.2914187643020595,0,67,666,True,False
medium,300248,0.7779595015576324,1.7779595015576324,1,79,787,True,False
hard,300249,0.24290617848970253,0.24290617848970253,0,75,747,True,False
medium,300250,0.34813084112149534,0.34813084112149534,0,66,654,True,False
hard,300251,0.14038901601830664,0.14038901601830664,0,61,608,True,False
medium,300252,0.9197819314641744,2.9197819314641746,2,90,900,False,True
hard,300253,0.1526887871853547,0.1526887871853547,0,61,610,True,False
medium,300254,0.22694704049844236,0.22694704049844236,0,75,750,True,False
hard,300255,0.17854691075514875,0.17854691075514875,0,64,632,True,False
medium,300256,0.5457165109034268,2.5457165109034268,2,64,634,True,False
hard,300257,0.16321510297482839,0.16321510297482839,0,63,627,True,False
medium,300258,0.4562305295950156,0.4562305295950156,0,67,662,True,False
hard,300259,0.12374141876430206,0.12374141876430206,0,60,594,True,False
medium,300260,0.4544392523364486,0.4544392523364486,0,64,632,True,False
hard,300261,0.28861556064073224,0.28861556064073224,0,70,699,True,False
medium,300262,0.584696261682243,2.584696261682243,2,63,626,True,False
hard,300263,0.20251716247139587,0.20251716247139587,0,64,636,True,False
medium,300264,0.3852803738317757,0.3852803738317757,0,90,900,False,True
hard,300265,0.2826086956521739,0.2826086956521739,0,67,662,True,False
medium,300266,0.7238317757009346,2.7238317757009347,2,75,744,True,False
hard,300267,0.27252288329519453,0.27252288329519453,0,58,578,True,False
medium,300268,0.7728971962616823,2.7728971962616824,2,68,679,True,False
hard,300269,0.15657894736842104,0.15657894736842104,0,59,581,True,False
medium,300270,0.5855919003115265,1.5855919003115266,1,90,900,False,True
hard,300271,0.13278032036613271,0.13278032036613271,0,89,889,True,False
medium,300272,0.16152647975077883,0.16152647975077883,0,58,577,True,False
hard,300273,0.12797482837528604,0.12797482837528604,0,70,694,True,False
medium,300274,0.3899532710280374,0.3899532710280374,0,57,567,True,False
hard,300275,0.17070938215102974,0.17070938215102974,0,59,583,True,False
medium,300276,0.22912772585669783,0.22912772585669783,0,58,578,True,False
hard,300277,0.2513729977116705,0.2513729977116705,0,62,611,True,False
medium,300278,0.5211059190031153,1.5211059190031153,1,62,613,True,False
hard,300279,0.20200228832951944,0.20200228832951944,0,63,624,True,False
medium,300280,0.4205607476635514,0.4205607476635514,0,70,696,True,False
hard,300281,0.17797482837528605,0.17797482837528605,0,58,580,True,False
medium,300282,0.4051401869158878,0.4051401869158878,0,60,594,True,False
hard,300283,0.09782608695652174,0.09782608695652174,0,69,682,True,False
medium,300284,0.7806853582554517,2.7806853582554516,2,78,773,True,False
hard,300285,0.265675057208238,0.265675057208238,0,70,693,True,False
medium,300286,0.8760124610591901,2.87601246105919,2,90,900,False,True
hard,300287,0.2452517162471396,0.2452517162471396,0,59,587,True,False
medium,300288,0.29163551401869164,0.29163551401869164,0,72,711,True,False
hard,300289,0.1238558352402746,0.1238558352402746,0,63,623,True,False
medium,300290,0.6008566978193146,1.6008566978193146,1,90,900,False,True
hard,300291,0.2852974828375286,0.2852974828375286,0,82,815,True,False
medium,300292,0.4927570093457944,0.4927570093457944,0,76,757,True,False
hard,300293,0.24204805491990847,0.24204805491990847,0,60,592,True,False
medium,300294,0.6697040498442368,2.6697040498442366,2,63,629,True,False
hard,300295,0.3046910755148741,0.3046910755148741,0,64,635,True,False
medium,300296,0.6970404984423676,1.6970404984423677,1,87,870,True,False
hard,300297,0.14038901601830664,0.14038901601830664,0,61,607,True,False
medium,300298,0.425,0.425,0,64,633,True,False
hard,300299,0.16854691075514877,0.16854691075514877,0,60,593,True,False
medium,300300,0.4769470404984424,0.4769470404984424,0,63,628,True,False
hard,300301,0.20326086956521738,0.20326086956521738,0,58,576,True,False
medium,300302,0.43878504672897195,0.43878504672897195,0,64,636,True,False
hard,300303,0.2820938215102975,0.2820938215102975,0,62,617,True,False
medium,300304,0.6755451713395638,1.675545171339564,1,90,900,False,True
hard,300305,0.3915903890160183,0.3915903890160183,0,60,597,True,False
medium,300306,0.5032710280373832,1.5032710280373833,1,67,663,True,False
hard,300307,0.40045766590389015,0.40045766590389015,0,68,678,True,False
medium,300308,0.47618380062305293,0.47618380062305293,0,68,675,True,False
hard,300309,0.17997711670480548,0.17997711670480548,0,60,596,True,False
medium,300310,0.7300623052959502,1.73006230529595,1,90,900,False,True
hard,300311,0.19319221967963388,0.19319221967963388,0,59,585,True,False
medium,300312,0.7276479750778816,2.7276479750778817,2,75,742,True,False
hard,300313,0.21161327231121282,0.21161327231121282,0,58,579,True,False
medium,300314,0.45295950155763237,0.45295950155763237,0,75,748,True,False
hard,300315,0.30577803203661325,0.30577803203661325,0,64,635,True,False
medium,300316,0.92398753894081,2.92398753894081,2,90,900,False,True
hard,300317,0.2974828375286041,0.2974828375286041,0,83,828,True,False
medium,300318,0.47990654205607475,0.47990654205607475,0,73,721,True,False
hard,300319,0.2204233409610984,0.2204233409610984,0,76,760,True,False
medium,300320,0.7296728971962617,2.7296728971962616,2,72,711,True,False
hard,300321,0.38844393592677345,0.38844393592677345,0,60,594,True,False
medium,300322,0.397196261682243,0.397196261682243,0,70,697,True,False
hard,300323,0.13918764302059497,0.13918764302059497,0,74,734,True,False
medium,300324,0.3356697819314642,0.3356697819314642,0,75,745,True,False
hard,300325,0.14038901601830664,0.14038901601830664,0,69,682,True,False
medium,300326,0.4380841121495327,0.4380841121495327,0,81,807,True,False
hard,300327,0.1238558352402746,0.1238558352402746,0,60,595,True,False
medium,300328,0.4172118380062305,0.4172118380062305,0,62,617,True,False
hard,300329,0.4236842105263158,0.4236842105263158,0,59,587,True,False
medium,300330,0.7896417445482866,2.7896417445482866,2,59,587,True,False
hard,300331,0.3322654462242563,0.3322654462242563,0,62,612,True,False
medium,300332,0.5418224299065421,1.5418224299065422,1,71,705,True,False
hard,300333,0.1419908466819222,0.1419908466819222,0,63,629,True,False
medium,300334,0.6565420560747663,1.6565420560747663,1,67,667,True,False
hard,300335,0.2032036613272311,0.2032036613272311,0,58,579,True,False
medium,300336,0.42624610591900314,0.42624610591900314,0,68,678,True,False
hard,300337,0.21802059496567505,0.21802059496567505,0,64,633,True,False
medium,300338,0.8111370716510904,2.8111370716510904,2,79,789,True,False
hard,300339,0.3700800915331808,0.3700800915331808,0,66,657,True,False
medium,300340,0.4287383177570093,0.4287383177570093,0,67,668,True,False
hard,300341,0.3867848970251716,0.3867848970251716,0,60,591,True,False
medium,300342,0.4937694704049844,0.4937694704049844,0,66,652,True,False
hard,300343,0.24016018306636155,0.24016018306636155,0,63,623,True,False
medium,300344,0.3713395638629283,0.3713395638629283,0,57,561,True,False
hard,300345,0.38323798627002287,0.38323798627002287,0,64,631,True,False
medium,300346,0.8874610591900312,2.887461059190031,2,69,684,True,False
hard,300347,0.2878146453089245,0.2878146453089245,0,62,619,True,False
medium,300348,0.37982866043613706,0.37982866043613706,0,67,665,True,False
hard,300349,0.35469107551487417,0.35469107551487417,0,60,591,True,False
medium,300350,0.4409657320872274,0.4409657320872274,0,72,720,True,False
hard,300351,0.05326086956521739,0.05326086956521739,0,59,586,True,False
medium,300352,0.6487538940809969,1.648753894080997,1,78,772,True,False
hard,300353,0.2334096109839817,0.2334096109839817,0,62,612,True,False
medium,300354,0.47873831775700937,0.47873831775700937,0,66,651,True,False
hard,300355,0.19038901601830663,0.19038901601830663,0,61,604,True,False
medium,300356,0.8476635514018691,2.847663551401869,2,65,650,True,False
hard,300357,0.3732265446224256,0.3732265446224256,0,68,671,True,False
medium,300358,0.6958722741433022,2.6958722741433023,2,69,683,True,False
hard,300359,0.18918764302059496,0.18918764302059496,0,62,611,True,False
medium,300360,0.8956386292834891,2.8956386292834893,2,80,791,True,False
hard,300361,0.16401601830663615,0.16401601830663615,0,67,664,True,False
medium,300362,0.45350467289719626,0.45350467289719626,0,64,632,True,False
hard,300363,0.18552631578947368,0.18552631578947368,0,62,620,True,False
medium,300364,0.45716510903426794,0.45716510903426794,0,60,597,True,False
hard,300365,0.2732837528604119,0.2732837528604119,0,61,602,True,False
medium,300366,0.4632398753894081,0.4632398753894081,0,66,659,True,False
hard,300367,0.3715675057208238,0.3715675057208238,0,71,704,True,False
medium,300368,0.3982866043613707,0.3982866043613707,0,67,661,True,False
hard,300369,0.17225400457665904,0.17225400457665904,0,72,715,True,False
medium,300370,0.4326323987538941,0.4326323987538941,0,73,730,True,False
hard,300371,0.14919908466819223,0.14919908466819223,0,60,594,True,False
medium,300372,0.3088006230529595,0.3088006230529595,0,61,607,True,False
hard,300373,0.20240274599542335,0.20240274599542335,0,63,624,True,False
medium,300374,0.397803738317757,0.397803738317757,0,78,777,True,False
hard,300375,0.2851258581235698,0.2851258581235698,0,61,608,True,False
medium,300376,0.3633956386292835,0.3633956386292835,0,60,594,True,False
hard,300377,0.1402745995423341,0.1402745995423341,0,58,580,True,False
medium,300378,0.542601246105919,2.542601246105919,2,74,739,True,False
hard,300379,0.21212814645308925,0.21212814645308925,0,67,663,True,False
medium,300380,0.7566978193146418,1.7566978193146419,1,90,900,False,True
hard,300381,0.21001144164759725,0.21001144164759725,0,70,697,True,False
medium,300382,0.4255451713395639,0.4255451713395639,0,90,900,False,True
hard,300383,0.21962242562929063,0.21962242562929063,0,61,601,True,False
medium,300384,0.9448598130841122,2.944859813084112,2,90,900,False,True
hard,300385,0.12505720823798627,0.12505720823798627,0,57,567,True,False
medium,300386,0.1674454828660436,0.1674454828660436,0,61,606,True,False
hard,300387,0.21681922196796338,0.21681922196796338,0,62,614,True,False
medium,300388,0.46098130841121493,0.46098130841121493,0,64,640,True,False
hard,300389,0.24136155606407322,0.24136155606407322,0,61,601,True,False
medium,300390,0.41690031152647977,0.41690031152647977,0,68,672,True,False
hard,300391,0.20720823798627003,0.20720823798627003,0,62,614,True,False
medium,300392,1.0,4.0,3,67,667,True,False
hard,300393,0.14668192219679635,0.14668192219679635,0,63,621,True,False
medium,300394,0.3382398753894081,0.3382398753894081,0,70,693,True,False
hard,300395,0.21842105263157896,0.21842105263157896,0,66,651,True,False
medium,300396,0.45825545171339566,0.45825545171339566,0,70,697,True,False
hard,300397,0.40926773455377574,0.40926773455377574,0,65,647,True,False
medium,300398,0.4489096573208723,0.4489096573208723,0,61,608,True,False
hard,300399,0.20108695652173914,0.20108695652173914,0,61,608,True,False
medium,300400,0.3754672897196262,0.3754672897196262,0,72,717,True,False
hard,300401,0.2608695652173913,0.2608695652173913,0,72,718,True,False
medium,300402,0.3558411214953271,0.3558411214953271,0,63,624,True,False
hard,300403,0.2345537757437071,0.2345537757437071,0,61,601,True,False
medium,300404,0.42179127725856697,0.42179127725856697,0,66,660,True,False
hard,300405,0.10034324942791761,0.10034324942791761,0,64,632,True,False
medium,300406,0.40420560747663553,0.40420560747663553,0,80,799,True,False
hard,300407,0.17917620137299772,0.17917620137299772,0,61,606,True,False
medium,300408,0.49929906542056074,0.49929906542056074,0,79,790,True,False
hard,300409,0.14078947368421052,0.14078947368421052,0,61,602,True,False
medium,300410,0.4054517133956386,0.4054517133956386,0,89,882,True,False
hard,300411,0.3022311212814645,0.3022311212814645,0,75,747,True,False
medium,300412,0.31534267912772584,0.31534267912772584,0,66,657,True,False
hard,300413,0.2589816933638444,0.2589816933638444,0,76,760,True,False
medium,300414,0.45794392523364486,0.45794392523364486,0,81,806,True,False
hard,300415,0.16481693363844394,0.16481693363844394,0,59,585,True,False
medium,300416,0.3999221183800623,0.3999221183800623,0,66,654,True,False
hard,300417,0.27768878718535467,0.27768878718535467,0,61,604,True,False
medium,300418,0.6181464174454828,1.618146417445483,1,90,900,False,True
hard,300419,0.23123569794050344,0.23123569794050344,0,60,593,True,False
medium,300420,0.22686915887850467,0.22686915887850467,0,60,596,True,False
hard,300421,0.2259153318077803,0.2259153318077803,0,60,594,True,False
medium,300422,0.47858255451713394,0.47858255451713394,0,74,731,True,False
hard,300423,0.2076086956521739,0.2076086956521739,0,64,634,True,False
medium,300424,0.7154984423676013,2.7154984423676014,2,72,712,True,False
hard,300425,0.15680778032036613,0.15680778032036613,0,70,692,True,False
medium,300426,0.744392523364486,2.744392523364486,2,62,615,True,False
hard,300427,0.32991990846681923,0.32991990846681923,0,73,725,True,False
medium,300428,0.6947819314641744,2.6947819314641746,2,74,738,True,False
hard,300429,0.22803203661327232,0.22803203661327232,0,58,579,True,False
medium,300430,0.789797507788162,2.789797507788162,2,68,678,True,False
hard,300431,0.21893592677345539,0.21893592677345539,0,62,619,True,False
medium,300432,0.8421339563862928,2.842133956386293,2,81,808,True,False
hard,300433,0.1751716247139588,0.1751716247139588,0,61,601,True,False
medium,300434,0.2542056074766355,0.2542056074766355,0,58,574,True,False
hard,300435,0.21081235697940504,0.21081235697940504,0,63,622,True,False
medium,300436,0.7827881619937694,1.7827881619937695,1,85,846,True,False
hard,300437,0.17620137299771166,0.17620137299771166,0,90,900,False,True
medium,300438,0.6100467289719627,1.6100467289719627,1,71,706,True,False
hard,300439,0.1507437070938215,0.1507437070938215,0,64,636,True,False
medium,300440,0.4090342679127726,0.4090342679127726,0,60,600,True,False
hard,300441,0.13506864988558354,0.13506864988558354,0,57,561,True,False
medium,300442,0.35498442367601246,0.35498442367601246,0,72,715,True,False
hard,300443,0.20520594965675057,0.20520594965675057,0,65,649,True,False
medium,300444,0.5025700934579439,1.502570093457944,1,90,900,False,True
hard,300445,0.16750572082379864,0.16750572082379864,0,60,596,True,False
medium,300446,0.36121495327102804,0.36121495327102804,0,80,795,True,False
hard,300447,0.19719679633867276,0.19719679633867276,0,58,576,True,False
medium,300448,0.5469626168224299,2.5469626168224297,2,76,753,True,False
hard,300449,0.4621853546910755,0.4621853546910755,0,79,782,True,False
medium,300450,0.4672897196261682,0.4672897196261682,0,76,754,True,False
hard,300451,0.16390160183066363,0.16390160183066363,0,73,725,True,False
medium,300452,0.6823208722741433,1.6823208722741434,1,71,710,True,False
hard,300453,0.2846109839816934,0.2846109839816934,0,82,819,True,False
medium,300454,0.1513239875389408,0.1513239875389408,0,61,609,True,False
hard,300455,0.2711670480549199,0.2711670480549199,0,83,828,True,False
medium,300456,0.8028816199376947,2.8028816199376947,2,72,719,True,False
hard,300457,0.23695652173913043,0.23695652173913043,0,67,668,True,False
medium,300458,0.32951713395638627,0.32951713395638627,0,73,725,True,False
hard,300459,0.31189931350114414,0.31189931350114414,0,60,592,True,False
medium,300460,0.5122274143302181,1.5122274143302181,1,72,718,True,False
hard,300461,0.12065217391304348,0.12065217391304348,0,58,578,True,False
medium,300462,0.4746105919003115,0.4746105919003115,0,63,624,True,False
hard,300463,0.24032608695652172,0.24032608695652172,0,70,693,True,False
medium,300464,0.4147196261682243,0.4147196261682243,0,90,900,False,True
hard,300465,0.15783752860411898,0.15783752860411898,0,66,655,True,False
medium,300466,0.6260124610591901,2.62601246105919,2,74,735,True,False
hard,300467,0.22763157894736843,0.22763157894736843,0,60,591,True,False
medium,300468,0.8153426791277258,2.815342679127726,2,66,656,True,False
hard,300469,0.2200228832951945,0.2200228832951945,0,62,616,True,False
medium,300470,0.579361370716511,1.5793613707165108,1,64,631,True,False
hard,300471,0.25297482837528606,0.25297482837528606,0,67,670,True,False
medium,300472,0.5335669781931465,1.5335669781931465,1,74,735,True,False
hard,300473,0.21401601830663616,0.21401601830663616,0,61,608,True,False
medium,300474,0.7674454828660436,2.7674454828660435,2,72,720,True,False
hard,300475,0.22213958810068649,0.22213958810068649,0,66,658,True,False
medium,300476,0.36230529595015576,0.36230529595015576,0,90,900,False,True
hard,300477,0.2225400457665904,0.2225400457665904,0,60,596,True,False
medium,300478,0.3623831775700935,0.3623831775700935,0,60,594,True,False
hard,300479,0.21081235697940504,0.21081235697940504,0,58,571,True,False
medium,300480,0.6857632398753895,2.6857632398753895,2,90,900,False,True
hard,300481,0.30818077803203664,0.30818077803203664,0,64,637,True,False
medium,300482,0.6172118380062306,1.6172118380062306,1,90,900,False,True
hard,300483,0.22711670480549198,0.22711670480549198,0,68,679,True,False
medium,300484,0.39221183800623055,0.39221183800623055,0,90,893,True,False
hard,300485,0.22814645308924486,0.22814645308924486,0,63,627,True,False
medium,300486,0.3299065420560748,0.3299065420560748,0,57,569,True,False
hard,300487,0.13237986270022883,0.13237986270022883,0,68,673,True,False
medium,300488,0.6236760124610592,1.6236760124610592,1,71,701,True,False
hard,300489,0.1654462242562929,0.1654462242562929,0,79,789,True,False
medium,300490,0.4644080996884735,0.4644080996884735,0,76,759,True,False
hard,300491,0.2520594965675057,0.2520594965675057,0,76,756,True,False
medium,300492,0.857398753894081,2.8573987538940813,2,87,869,True,False
hard,300493,0.10183066361556065,0.10183066361556065,0,61,609,True,False
medium,300494,0.25802180685358256,0.25802180685358256,0,57,567,True,False
hard,300495,0.34393592677345536,0.34393592677345536,0,68,675,True,False
medium,300496,0.6958722741433022,2.6958722741433023,2,79,786,True,False
hard,300497,0.22133867276887872,0.22133867276887872,0,76,755,True,False
medium,300498,0.2766355140186916,0.2766355140186916,0,61,604,True,False
hard,300499,0.18958810068649887,0.18958810068649887,0,58,573,True,False
medium,300500,0.4337227414330218,0.4337227414330218,0,63,623,True,False
hard,300501,0.32700228832951944,0.32700228832951944,0,75,749,True,False
medium,300502,0.6214953271028038,1.6214953271028039,1,68,674,True,False
hard,300503,0.20720823798627003,0.20720823798627003,0,74,740,True,False
medium,300504,0.4024922118380062,0.4024922118380062,0,69,688,True,False
hard,300505,0.12185354691075514,0.12185354691075514,0,63,626,True,False
medium,300506,0.5179906542056075,1.5179906542056076,1,69,681,True,False
hard,300507,0.30143020594965675,0.30143020594965675,0,64,631,True,False
medium,300508,0.6386292834890965,2.6386292834890965,2,66,652,True,False
hard,300509,0.16762013729977115,0.16762013729977115,0,61,608,True,False
medium,300510,0.3748442367601246,0.3748442367601246,0,78,780,True,False
hard,300511,0.18518306636155607,0.18518306636155607,0,63,626,True,False
medium,300512,0.5473520249221184,1.5473520249221184,1,76,755,True,False
hard,300513,0.24302059496567505,0.24302059496567505,0,73,725,True,False
medium,300514,0.4095794392523365,0.4095794392523365,0,66,651,True,False
hard,300515,0.17242562929061786,0.17242562929061786,0,59,588,True,False
medium,300516,0.502803738317757,1.502803738317757,1,64,639,True,False
hard,300517,0.24645308924485126,0.24645308924485126,0,60,596,True,False
medium,300518,0.3397196261682243,0.3397196261682243,0,63,626,True,False
hard,300519,0.22362700228832952,0.22362700228832952,0,61,602,True,False
medium,300520,0.5129283489096573,1.5129283489096572,1,85,845,True,False
hard,300521,0.11744851258581236,0.11744851258581236,0,56,555,True,False
medium,300522,0.42396417445482865,0.42396417445482865,0,61,603,True,False
hard,300523,0.22934782608695653,0.22934782608695653,0,73,721,True,False
medium,300524,0.4337227414330218,0.4337227414330218,0,71,703,True,False
hard,300525,0.33157894736842103,0.33157894736842103,0,69,684,True,False
medium,300526,0.35911214953271026,0.35911214953271026,0,76,755,True,False
hard,300527,0.24240846681922193,0.24240846681922193,0,58,576,True,False
medium,300528,1.0,4.0,3,81,805,True,False
hard,300529,0.14948512585812357,0.14948512585812357,0,63,621,True,False
medium,300530,0.7334890965732087,2.7334890965732086,2,64,637,True,False
hard,300531,0.3566361556064073,0.3566361556064073,0,58,571,True,False
medium,300532,0.3137071651090343,0.3137071651090343,0,64,635,True,False
hard,300533,0.17356979405034326,0.17356979405034326,0,60,596,True,False
medium,300534,0.21456386292834892,0.21456386292834892,0,68,676,True,False
hard,300535,0.15308924485125858,0.15308924485125858,0,59,587,True,False
medium,300536,0.513785046728972,2.513785046728972,2,80,800,True,False
hard,300537,0.19559496567505721,0.19559496567505721,0,60,597,True,False
medium,300538,0.2355919003115265,0.2355919003115265,0,58,576,True,False
hard,300539,0.18220823798627003,0.18220823798627003,0,66,655,True,False
medium,300540,0.3967289719626168,0.3967289719626168,0,77,770,True,False
hard,300541,0.2665903890160183,0.2665903890160183,0,83,828,True,False
medium,300542,0.7320093457943925,2.7320093457943924,2,90,891,True,False
hard,300543,0.3227116704805492,0.3227116704805492,0,61,601,True,False
medium,300544,0.5450934579439253,1.5450934579439253,1,67,669,True,False
hard,300545,0.26727688787185355,0.26727688787185355,0,61,605,True,False
medium,300546,0.6225856697819314,1.6225856697819314,1,86,852,True,False
hard,300547,0.2128146453089245,0.2128146453089245,0,63,629,True,False
medium,300548,0.8727414330218068,2.872741433021807,2,90,900,False,True
hard,300549,0.209324942791762,0.209324942791762,0,76,755,True,False
medium,300550,0.48886292834890965,0.48886292834890965,0,90,900,False,True
hard,300551,0.1282608695652174,0.1282608695652174,0,64,633,True,False
medium,300552,0.3503894080996885,0.3503894080996885,0,62,616,True,False
hard,300553,0.20560640732265445,0.20560640732265445,0,80,793,True,False
medium,300554,0.6540498442367602,1.6540498442367602,1,76,759,True,False
hard,300555,0.2297482837528604,0.2297482837528604,0,65,645,True,False
medium,300556,0.3409657320872274,0.3409657320872274,0,89,888,True,False
hard,300557,0.3786613272311213,0.3786613272311213,0,61,605,True,False
medium,300558,0.7242211838006231,2.724221183800623,2,71,704,True,False
hard,300559,0.12465675057208238,0.12465675057208238,0,58,571,True,False
medium,300560,0.6860591900311527,2.686059190031153,2,90,900,False,True
hard,300561,0.31819221967963385,0.31819221967963385,0,71,706,True,False
medium,300562,0.6647196261682243,1.6647196261682242,1,83,823,True,False
hard,300563,0.1715675057208238,0.1715675057208238,0,60,592,True,False
medium,300564,0.6466510903426791,2.646651090342679,2,80,800,True,False
hard,300565,0.12665903890160182,0.12665903890160182,0,63,626,True,False
medium,300566,0.5852803738317757,2.585280373831776,2,70,694,True,False
hard,300567,0.17391304347826086,0.17391304347826086,0,63,621,True,False
medium,300568,0.7700155763239875,2.7700155763239875,2,62,614,True,False
hard,300569,0.1651029748283753,0.1651029748283753,0,75,746,True,False
medium,300570,0.7249221183800623,2.7249221183800625,2,65,649,True,False
hard,300571,0.17276887871853547,0.17276887871853547,0,60,593,True,False
medium,300572,0.42679127725856697,0.42679127725856697,0,82,815,True,False
hard,300573,0.07780320366132723,0.07780320366132723,0,57,561,True,False
medium,300574,0.7554517133956387,2.7554517133956384,2,90,900,False,True
hard,300575,0.22803203661327232,0.22803203661327232,0,68,671,True,False
medium,300576,0.7838006230529595,2.7838006230529597,2,90,900,False,True
hard,300577,0.2709954233409611,0.2709954233409611,0,66,659,True,False
medium,300578,0.6579439252336449,1.6579439252336448,1,90,900,False,True
hard,300579,0.17397025171624714,0.17397025171624714,0,60,598,True,False
medium,300580,0.2921183800623052,0.2921183800623052,0,67,662,True,False
hard,300581,0.08581235697940504,0.08581235697940504,0,62,617,True,False
medium,300582,0.8858255451713396,2.8858255451713397,2,68,672,True,False
hard,300583,0.15749427917620137,0.15749427917620137,0,59,584,True,False
medium,300584,0.7977414330218069,1.797741433021807,1,90,900,False,True
hard,300585,0.21252860411899313,0.21252860411899313,0,59,587,True,False
medium,300586,0.7040498442367601,2.70404984423676,2,68,672,True,False
hard,300587,0.2789473684210526,0.2789473684210526,0,59,590,True,False
medium,300588,0.3710280373831776,0.3710280373831776,0,76,757,True,False
hard,300589,0.21721967963386726,0.21721967963386726,0,58,580,True,False
medium,300590,0.23574766355140186,0.23574766355140186,0,60,599,True,False
hard,300591,0.20909610983981694,0.20909610983981694,0,58,577,True,False
medium,300592,0.9604361370716511,2.960436137071651,2,79,788,True,False
hard,300593,0.21121281464530892,0.21121281464530892,0,61,604,True,False
medium,300594,0.21474299065420568,0.21474299065420568,0,58,571,True,False
hard,300595,0.19679633867276888,0.19679633867276888,0,75,747,True,False
medium,300596,0.3573208722741433,0.3573208722741433,0,66,657,True,False
hard,300597,0.1598970251716247,0.1598970251716247,0,57,570,True,False
medium,300598,0.4397196261682243,0.4397196261682243,0,58,577,True,False
hard,300599,0.29216247139588103,0.29216247139588103,0,60,591,True,False
medium,300600,0.34369158878504674,0.34369158878504674,0,64,637,True,False
hard,300601,0.24364988558352402,0.24364988558352402,0,60,599,True,False
medium,300602,0.6007009345794393,1.6007009345794394,1,90,900,False,True
hard,300603,0.2416475972540046,0.2416475972540046,0,60,596,True,False
medium,300604,0.4462616822429907,0.4462616822429907,0,61,604,True,False
hard,300605,0.17105263157894737,0.17105263157894737,0,58,576,True,False
medium,300606,0.5025700934579439,1.502570093457944,1,90,900,False,True
hard,300607,0.19353546910755148,0.19353546910755148,0,65,644,True,False
medium,300608,0.32141744548286605,1.321417445482866,1,61,602,True,False
hard,300609,0.11905034324942791,0.11905034324942791,0,61,608,True,False
medium,300610,0.3797507788161994,0.3797507788161994,0,80,798,True,False
hard,300611,0.23575514874141876,0.23575514874141876,0,70,697,True,False
medium,300612,0.6661993769470405,1.6661993769470405,1,90,900,False,True
hard,300613,0.19439359267734554,0.19439359267734554,0,74,731,True,False
medium,300614,0.4735981308411215,0.4735981308411215,0,70,696,True,False
hard,300615,0.15903890160183065,0.15903890160183065,0,65,645,True,False
medium,300616,0.5236760124610592,1.5236760124610593,1,62,611,True,False
hard,300617,0.20240274599542335,0.20240274599542335,0,58,575,True,False
medium,300618,0.33216510903426794,0.33216510903426794,0,66,659,True,False
hard,300619,0.36195652173913045,0.36195652173913045,0,64,636,True,False
medium,300620,0.5402647975077881,1.540264797507788,1,71,706,True,False
hard,300621,0.3070366132723112,0.3070366132723112,0,60,597,True,False
medium,300622,1.0,4.0,3,78,776,True,False
hard,300623,0.2469679633867277,0.2469679633867277,0,66,652,True,False
medium,300624,0.6096573208722741,1.609657320872274,1,68,677,True,False
hard,300625,0.26098398169336384,0.26098398169336384,0,89,887,True,False
medium,300626,0.5019470404984424,1.5019470404984423,1,73,726,True,False
hard,300627,0.21893592677345539,0.21893592677345539,0,67,665,True,False
medium,300628,0.18045171339563862,0.18045171339563862,0,58,574,True,False
hard,300629,0.20600686498855836,0.20600686498855836,0,66,655,True,False
medium,300630,0.6911993769470405,1.6911993769470404,1,90,900,False,True
hard,300631,0.242162471395881,0.242162471395881,0,70,700,True,False
medium,300632,0.40218068535825546,0.40218068535825546,0,84,840,True,False
hard,300633,0.2402745995423341,0.2402745995423341,0,71,704,True,False
medium,300634,0.7009345794392523,2.7009345794392523,2,74,740,True,False
hard,300635,0.29307780320366134,0.29307780320366134,0,64,632,True,False
medium,300636,0.4774922118380062,0.4774922118380062,0,63,621,True,False
hard,300637,0.3639588100686499,0.3639588100686499,0,63,625,True,False
medium,300638,0.7963395638629284,2.7963395638629285,2,90,900,False,True
hard,300639,0.1784324942791762,0.1784324942791762,0,65,650,True,False
medium,300640,0.5588006230529595,1.5588006230529596,1,67,667,True,False
hard,300641,0.15961098398169338,0.15961098398169338,0,75,749,True,False
medium,300642,0.2635514018691589,0.2635514018691589,0,59,584,True,False
hard,300643,0.24056064073226543,0.24056064073226543,0,61,603,True,False
medium,300644,0.8678348909657321,2.867834890965732,2,69,687,True,False
hard,300645,0.26653318077803206,0.26653318077803206,0,63,627,True,False
medium,300646,0.3231308411214953,0.3231308411214953,0,69,682,True,False
hard,300647,0.29736842105263156,0.29736842105263156,0,65,644,True,False
medium,300648,1.0,4.0,3,74,732,True,False
hard,300649,0.2782036613272311,0.2782036613272311,0,61,603,True,False
medium,300650,0.7728971962616823,2.7728971962616824,2,86,852,True,False
hard,300651,0.23729977116704806,0.23729977116704806,0,59,584,True,False
medium,300652,0.39182242990654204,0.39182242990654204,0,90,900,False,True
hard,300653,0.19931350114416477,0.19931350114416477,0,62,614,True,False
medium,300654,0.42827102803738315,0.42827102803738315,0,78,773,True,False
hard,300655,0.1740274599542334,0.1740274599542334,0,84,836,True,False
medium,300656,0.4086448598130841,0.4086448598130841,0,65,646,True,False
hard,300657,0.20520594965675057,0.20520594965675057,0,61,607,True,False
medium,300658,0.8796728971962616,2.8796728971962615,2,90,900,False,True
hard,300659,0.3414187643020595,0.3414187643020595,0,61,602,True,False
medium,300660,0.5461838006230529,1.5461838006230528,1,69,689,True,False
hard,300661,0.17751716247139587,0.17751716247139587,0,58,580,True,False
medium,300662,0.6238317757009346,2.6238317757009346,2,69,685,True,False
hard,300663,0.3193935926773455,0.3193935926773455,0,60,592,True,False
medium,300664,0.8628504672897196,2.8628504672897197,2,65,649,True,False
hard,300665,0.0790045766590389,0.0790045766590389,0,63,627,True,False
medium,300666,0.41238317757009346,0.41238317757009346,0,70,696,True,False
hard,300667,0.3085812356979405,0.3085812356979405,0,75,750,True,False
medium,300668,0.5947819314641745,1.5947819314641745,1,65,649,True,False
hard,300669,0.42219679633867274,0.42219679633867274,0,82,811,True,False
medium,300670,0.5970404984423676,2.5970404984423676,2,69,689,True,False
hard,300671,0.08729977116704805,0.08729977116704805,0,58,580,True,False
medium,300672,0.8436915887850467,2.8436915887850467,2,83,826,True,False
hard,300673,0.12934782608695652,0.12934782608695652,0,58,578,True,False
medium,300674,0.28154205607476634,0.28154205607476634,0,65,649,True,False
hard,300675,0.22213958810068649,0.22213958810068649,0,59,582,True,False
medium,300676,0.3808411214953271,0.3808411214953271,0,60,595,True,False
hard,300677,0.10783752860411899,0.10783752860411899,0,61,601,True,False
medium,300678,0.7031152647975077,2.703115264797508,2,66,657,True,False
hard,300679,0.32991990846681923,0.32991990846681923,0,73,729,True,False
medium,300680,0.6827881619937695,2.6827881619937695,2,90,900,False,True
hard,300681,0.23157894736842105,0.23157894736842105,0,67,664,True,False
medium,300682,0.7467289719626168,2.7467289719626167,2,69,690,True,False
hard,300683,0.11916475972540046,0.11916475972540046,0,58,577,True,False
medium,300684,0.42967289719626167,0.42967289719626167,0,77,767,True,False
hard,300685,0.21287185354691077,0.21287185354691077,0,61,605,True,False
medium,300686,0.3356697819314642,0.3356697819314642,0,71,708,True,False
hard,300687,0.32511441647597256,0.32511441647597256,0,87,865,True,False
medium,300688,0.4411915887850468,0.4411915887850468,0,57,567,True,False
hard,300689,0.12866132723112128,0.12866132723112128,0,69,681,True,False
medium,300690,0.4415109034267913,0.4415109034267913,0,74,739,True,False
hard,300691,0.19719679633867276,0.19719679633867276,0,62,618,True,False
medium,300692,0.3841121495327103,0.3841121495327103,0,75,744,True,False
hard,300693,0.22734553775743707,0.22734553775743707,0,61,610,True,False
medium,300694,0.5102803738317757,2.5102803738317756,2,88,871,True,False
hard,300695,0.2356407322654462,0.2356407322654462,0,58,578,True,False
medium,300696,0.4179127725856698,0.4179127725856698,0,82,813,True,False
hard,300697,0.2540617848970252,0.2540617848970252,0,69,683,True,False
medium,300698,0.7198598130841122,2.719859813084112,2,90,900,False,True
hard,300699,0.35274599542334095,0.35274599542334095,0,70,698,True,False
medium,300700,0.3137071651090343,0.3137071651090343,0,65,647,True,False
hard,300701,0.16996567505720825,0.16996567505720825,0,63,623,True,False
medium,300702,0.5860591900311527,1.5860591900311527,1,75,747,True,False
hard,300703,0.07139588100686499,0.07139588100686499,0,61,601,True,False
medium,300704,0.15498442367601245,0.15498442367601245,0,68,674,True,False
hard,300705,0.21767734553775744,0.21767734553775744,0,90,900,False,True
medium,300706,0.7652647975077882,2.765264797507788,2,66,651,True,False
hard,300707,0.32700228832951944,0.32700228832951944,0,58,574,True,False
medium,300708,0.33294392523364486,0.33294392523364486,0,82,811,True,False
hard,300709,0.16270022883295193,0.16270022883295193,0,58,577,True,False
medium,300710,0.3487538940809969,0.3487538940809969,0,90,900,False,True
hard,300711,0.10852402745995424,0.10852402745995424,0,59,589,True,False
medium,300712,0.46838006230529594,0.46838006230529594,0,69,686,True,False
hard,300713,0.1518878718535469,0.1518878718535469,0,57,566,True,False
medium,300714,0.4396417445482866,0.4396417445482866,0,72,714,True,False
hard,300715,0.12957665903890161,0.12957665903890161,0,60,596,True,False
medium,300716,0.490809968847352,0.490809968847352,0,73,721,True,False
hard,300717,0.1394736842105263,0.1394736842105263,0,58,578,True,False
medium,300718,0.4484423676012461,0.4484423676012461,0,59,581,True,False
hard,300719,0.13346681922196796,0.13346681922196796,0,59,582,True,False
medium,300720,0.33154205607476633,0.33154205607476633,0,84,837,True,False
hard,300721,0.21745995423340966,0.21745995423340966,0,56,555,True,False
medium,300722,0.4780373831775701,0.4780373831775701,0,65,650,True,False
hard,300723,0.234954233409611,0.234954233409611,0,61,610,True,False
medium,300724,0.6978193146417445,1.6978193146417446,1,79,790,True,False
hard,300725,0.1518878718535469,0.1518878718535469,0,67,665,True,False
medium,300726,0.6679127725856698,2.66791277258567,2,63,629,True,False
hard,300727,0.21653318077803205,0.21653318077803205,0,78,771,True,False
medium,300728,0.7868380062305296,2.7868380062305294,2,82,811,True,False
hard,300729,0.26189931350114415,0.26189931350114415,0,90,900,False,True
medium,300730,0.6477414330218069,2.6477414330218068,2,66,653,True,False
hard,300731,0.1402745995423341,0.1402745995423341,0,65,641,True,False
medium,300732,0.8411214953271028,2.8411214953271027,2,73,722,True,False
hard,300733,0.22093821510297482,0.22093821510297482,0,59,585,True,False
medium,300734,0.45241433021806854,0.45241433021806854,0,72,719,True,False
hard,300735,0.2526887871853547,0.2526887871853547,0,62,619,True,False
medium,300736,0.3894080996884735,0.3894080996884735,0,66,660,True,False
hard,300737,0.32580091533180777,0.32580091533180777,0,64,640,True,False
medium,300738,0.41409657320872273,0.41409657320872273,0,85,843,True,False
hard,300739,0.2762013729977117,0.2762013729977117,0,69,690,True,False
medium,300740,0.4321651090342679,0.4321651090342679,0,75,744,True,False
hard,300741,0.12934782608695652,0.12934782608695652,0,56,560,True,False
medium,300742,0.6038940809968847,1.6038940809968847,1,90,900,False,True
hard,300743,0.09382151029748284,0.09382151029748284,0,58,573,True,False
medium,300744,0.685981308411215,1.685981308411215,1,76,759,True,False
hard,300745,0.452116704805492,0.452116704805492,0,64,635,True,False
medium,300746,0.48130841121495327,0.48130841121495327,0,73,730,True,False
hard,300747,0.23695652173913043,0.23695652173913043,0,61,608,True,False
medium,300748,0.5362149532710281,1.536214953271028,1,86,857,True,False
hard,300749,0.17917620137299772,0.17917620137299772,0,62,612,True,False
medium,300750,0.5757009345794393,1.5757009345794393,1,72,718,True,False
hard,300751,0.20520594965675057,0.20520594965675057,0,63,622,True,False
medium,300752,0.8207943925233645,2.8207943925233643,2,64,637,True,False
hard,300753,0.2732837528604119,0.2732837528604119,0,62,612,True,False
medium,300754,0.3191588785046729,0.3191588785046729,0,82,819,True,False
hard,300755,0.1788329519450801,0.1788329519450801,0,60,591,True,False
medium,300756,0.6035046728971962,2.6035046728971962,2,80,799,True,False
hard,300757,0.25663615560640735,0.25663615560640735,0,72,718,True,False
medium,300758,0.30825545171339563,0.30825545171339563,0,63,623,True,False
hard,300759,0.2778032036613272,0.2778032036613272,0,64,640,True,False
medium,300760,0.559423676012461,1.559423676012461,1,69,683,True,False
hard,300761,0.18775743707093823,0.18775743707093823,0,81,810,True,False
medium,300762,0.48746105919003113,0.48746105919003113,0,90,892,True,False
hard,300763,0.24736842105263157,0.24736842105263157,0,59,587,True,False
medium,300764,0.5404127725856698,1.5404127725856698,1,61,606,True,False
hard,300765,0.23483981693363845,0.23483981693363845,0,71,708,True,False
medium,300766,0.3115264797507788,0.3115264797507788,0,77,770,True,False
hard,300767,0.18878718535469108,0.18878718535469108,0,68,675,True,False
medium,300768,0.46713395638629285,0.46713395638629285,0,60,600,True,False
hard,300769,0.2986270022883295,0.2986270022883295,0,60,596,True,False
medium,300770,0.47655763239875387,0.47655763239875387,0,73,727,True,False
hard,300771,0.34845537757437073,0.34845537757437073,0,68,680,True,False
medium,300772,0.40054517133956385,0.40054517133956385,0,78,777,True,False
hard,300773,0.1598970251716247,0.1598970251716247,0,60,594,True,False
medium,300774,0.41409657320872273,0.41409657320872273,0,78,774,True,False
hard,300775,0.1831807780320366,0.1831807780320366,0,59,583,True,False
medium,300776,0.382398753894081,0.382398753894081,0,90,900,False,True
hard,300777,0.11704805491990847,0.11704805491990847,0,62,618,True,False
medium,300778,0.45607476635514016,0.45607476635514016,0,65,647,True,False
hard,300779,0.31458810068649884,0.31458810068649884,0,81,801,True,False
medium,300780,0.3104361370716511,0.3104361370716511,0,61,605,True,False
hard,300781,0.21973684210526315,0.21973684210526315,0,63,628,True,False
medium,300782,0.30280373831775703,0.30280373831775703,0,61,605,True,False
hard,300783,0.22213958810068649,0.22213958810068649,0,61,603,True,False
medium,300784,0.3765576323987539,0.3765576323987539,0,61,603,True,False
hard,300785,0.1402745995423341,0.1402745995423341,0,58,577,True,False
medium,300786,0.564797507788162,1.564797507788162,1,90,900,False,True
hard,300787,0.2324370709382151,0.2324370709382151,0,75,742,True,False
medium,300788,0.4568380062305296,0.4568380062305296,0,58,577,True,False
hard,300789,0.3146453089244851,0.3146453089244851,0,70,694,True,False
medium,300790,0.5541277258566978,1.5541277258566977,1,78,780,True,False
hard,300791,0.09181922196796338,0.09181922196796338,0,61,602,True,False
medium,300792,0.45950155763239875,0.45950155763239875,0,75,750,True,False
hard,300793,0.1923913043478261,0.1923913043478261,0,58,577,True,False
medium,300794,0.7262928348909657,2.7262928348909656,2,85,842,True,False
hard,300795,0.31990846681922197,0.31990846681922197,0,83,825,True,False
medium,300796,0.3689252336448598,0.3689252336448598,0,90,900,False,True
hard,300797,0.14519450800915332,0.14519450800915332,0,90,900,False,True
medium,300798,0.48364485981308414,0.48364485981308414,0,81,804,True,False
hard,300799,0.2782036613272311,0.2782036613272311,0,90,900,False,True
medium,300800,0.2953271028037383,0.2953271028037383,0,76,753,True,False
hard,300801,0.24307780320366132,0.24307780320366132,0,62,615,True,False
medium,300802,0.26612149532710283,0.26612149532710283,0,58,571,True,False
hard,300803,0.27339816933638444,0.27339816933638444,0,57,567,True,False
medium,300804,0.7565420560747663,2.756542056074766,2,90,900,False,True
hard,300805,0.1896453089244851,0.1896453089244851,0,65,642,True,False
medium,300806,0.2880841121495327,0.2880841121495327,0,60,593,True,False
hard,300807,0.13398169336384438,0.13398169336384438,0,60,592,True,False
medium,300808,0.5169003115264797,1.5169003115264799,1,77,762,True,False
hard,300809,0.19839816933638443,0.19839816933638443,0,65,641,True,False
medium,300810,0.3569314641744548,0.3569314641744548,0,69,689,True,False
hard,300811,0.17917620137299772,0.17917620137299772,0,72,711,True,False
medium,300812,0.7540498442367601,2.7540498442367602,2,71,706,True,False
hard,300813,0.238558352402746,0.238558352402746,0,64,636,True,False
medium,300814,0.856386292834891,2.856386292834891,2,73,721,True,False
hard,300815,0.26229977116704806,0.26229977116704806,0,64,637,True,False
medium,300816,0.40319314641744547,0.40319314641744547,0,65,644,True,False
hard,300817,0.24605263157894736,0.24605263157894736,0,80,791,True,False
medium,300818,0.2661993769470405,0.2661993769470405,0,69,681,True,False
hard,300819,0.26498855835240276,0.26498855835240276,0,75,744,True,False
medium,300820,0.764018691588785,2.764018691588785,2,70,695,True,False
hard,300821,0.2120137299771167,0.2120137299771167,0,57,569,True,False
medium,300822,0.3910436137071651,0.3910436137071651,0,79,782,True,False
hard,300823,0.1663615560640732,0.1663615560640732,0,61,601,True,False
medium,300824,0.4042834890965732,0.4042834890965732,0,62,617,True,False
hard,300825,0.23094965675057208,0.23094965675057208,0,59,585,True,False
medium,300826,0.5194704049844237,1.5194704049844237,1,61,606,True,False
hard,300827,0.13478260869565217,0.13478260869565217,0,62,615,True,False
medium,300828,0.4095794392523365,0.4095794392523365,0,69,686,True,False
hard,300829,0.18884439359267735,0.18884439359267735,0,67,663,True,False
medium,300830,0.659190031152648,2.659190031152648,2,63,628,True,False
hard,300831,0.2784324942791762,0.2784324942791762,0,74,731,True,False
medium,300832,0.8649532710280374,2.864953271028037,2,89,889,True,False
hard,300833,0.3275171624713959,0.3275171624713959,0,83,830,True,False
medium,300834,0.7690031152647975,2.7690031152647974,2,90,900,False,True
hard,300835,0.18558352402745995,0.18558352402745995,0,69,687,True,False
medium,300836,0.38177570093457946,0.38177570093457946,0,81,806,True,False
hard,300837,0.16321510297482839,0.16321510297482839,0,66,653,True,False
medium,300838,0.32694704049844237,0.32694704049844237,0,66,659,True,False
hard,300839,0.17362700228832953,0.17362700228832953,0,62,617,True,False
medium,300840,0.39221183800623055,0.39221183800623055,0,80,796,True,False
hard,300841,0.19920480549199088,0.19920480549199088,0,61,602,True,False
medium,300842,0.7902647975077881,2.7902647975077883,2,90,900,False,True
hard,300843,0.2725972540045767,0.2725972540045767,0,61,606,True,False
medium,300844,0.43753894080996886,0.43753894080996886,0,67,665,True,False
hard,300845,0.2687070938215103,0.2687070938215103,0,87,867,True,False
medium,300846,0.2739096573208723,0.2739096573208723,0,63,621,True,False
hard,300847,0.17545766590389017,0.17545766590389017,0,64,637,True,False
medium,300848,0.3983644859813084,0.3983644859813084,0,70,692,True,False
hard,300849,0.2637871853546911,0.2637871853546911,0,64,638,True,False
medium,300850,0.9230529595015576,2.9230529595015575,2,90,900,False,True
hard,300851,0.2351258581235698,0.2351258581235698,0,79,781,True,False
medium,300852,0.610202492211838,2.610202492211838,2,67,663,True,False
hard,300853,0.0933066361556064,0.0933066361556064,0,57,570,True,False
medium,300854,0.734190031152648,1.734190031152648,1,72,716,True,False
hard,300855,0.1915903890160183,0.1915903890160183,0,60,599,True,False
medium,300856,0.6480529595015576,1.6480529595015576,1,80,796,True,False
hard,300857,0.21762013729977117,0.21762013729977117,0,61,603,True,False
medium,300858,0.7875389408099689,2.787538940809969,2,78,773,True,False
hard,300859,0.10234553775743707,0.10234553775743707,0,59,583,True,False
medium,300860,0.16806853582554518,0.16806853582554518,0,58,574,True,False
hard,300861,0.3009153318077803,0.3009153318077803,0,61,607,True,False
medium,300862,0.44641744548286605,0.44641744548286605,0,75,742,True,False
hard,300863,0.2753432494279176,0.2753432494279176,0,75,741,True,False
medium,300864,0.7296728971962617,2.7296728971962616,2,81,801,True,False
hard,300865,0.1874656750572082,0.1874656750572082,0,61,602,True,False
medium,300866,0.2455607476635514,0.2455607476635514,0,75,743,True,False
hard,300867,0.10795194508009154,0.10795194508009154,0,65,645,True,False
medium,300868,0.4109034267912773,0.4109034267912773,0,66,658,True,False
hard,300869,0.1474828375286041,0.1474828375286041,0,57,566,True,False
medium,300870,0.46386292834890963,0.46386292834890963,0,60,598,True,False
hard,300871,0.22013729977116706,0.22013729977116706,0,64,634,True,False
medium,300872,0.7501557632398754,1.7501557632398754,1,83,822,True,False
hard,300873,0.2251430205949657,0.2251430205949657,0,60,599,True,False
medium,300874,0.23465732087227414,0.23465732087227414,0,59,585,True,False
hard,300875,0.19639588100686498,0.19639588100686498,0,63,630,True,False
medium,300876,0.43481308411214953,0.43481308411214953,0,61,607,True,False
hard,300877,0.2809496567505721,0.2809496567505721,0,68,673,True,False
medium,300878,0.560981308411215,1.560981308411215,1,61,609,True,False
hard,300879,0.16990846681922198,0.16990846681922198,0,59,590,True,False
medium,300880,0.8901869158878505,2.8901869158878504,2,90,900,False,True
hard,300881,0.24925629290617848,0.24925629290617848,0,68,671,True,False
medium,300882,0.8814641744548286,2.8814641744548286,2,90,900,False,True
hard,300883,0.24576659038901602,0.24576659038901602,0,58,579,True,False
medium,300884,0.7407320872274143,2.740732087227414,2,74,737,True,False
hard,300885,0.2819221967963387,0.2819221967963387,0,75,746,True,False
medium,300886,0.832632398753894,2.832632398753894,2,81,803,True,False
hard,300887,0.08060640732265446,0.08060640732265446,0,57,562,True,False
medium,300888,0.27266355140186915,0.27266355140186915,0,61,609,True,False
hard,300889,0.1314645308924485,0.1314645308924485,0,58,576,True,False
medium,300890,0.7723520249221184,1.7723520249221183,1,65,644,True,False
hard,300891,0.13878718535469106,0.13878718535469106,0,60,599,True,False
medium,300892,0.2062305295950156,0.2062305295950156,0,62,617,True,False
hard,300893,0.31859267734553776,0.31859267734553776,0,63,624,True,False
medium,300894,0.9279595015576324,2.9279595015576323,2,88,877,True,False
hard,300895,0.16842105263157894,0.16842105263157894,0,65,649,True,False
medium,300896,0.45186915887850465,0.45186915887850465,0,78,772,True,False
hard,300897,0.12076659038901602,0.12076659038901602,0,73,727,True,False
medium,300898,0.5659657320872274,1.5659657320872276,1,73,727,True,False
hard,300899,0.31453089244851257,0.31453089244851257,0,77,769,True,False
medium,300900,0.3000778816199377,0.3000778816199377,0,60,591,True,False
hard,300901,0.21172768878718534,0.21172768878718534,0,62,617,True,False
medium,300902,0.7287383177570094,2.7287383177570095,2,68,675,True,False
hard,300903,0.30978260869565216,0.30978260869565216,0,87,866,True,False
medium,300904,0.41370716510903427,0.41370716510903427,0,72,715,True,False
hard,300905,0.1763157894736842,0.1763157894736842,0,80,796,True,False
medium,300906,0.4883956386292835,0.4883956386292835,0,67,663,True,False
hard,300907,0.2064645308924485,0.2064645308924485,0,63,629,True,False
medium,300908,0.21822429906542057,0.21822429906542057,0,61,604,True,False
hard,300909,0.17196796338672768,0.17196796338672768,0,62,620,True,False
medium,300910,0.35241433021806856,0.35241433021806856,0,90,897,True,False
hard,300911,0.17637299771167048,0.17637299771167048,0,57,568,True,False
medium,300912,0.8547507788161994,2.854750778816199,2,68,675,True,False
hard,300913,0.13518306636155605,0.13518306636155605,0,63,628,True,False
medium,300914,0.5581775700934579,1.558177570093458,1,90,900,False,True
hard,300915,0.23123569794050344,0.23123569794050344,0,59,586,True,False
medium,300916,0.2935358255451713,0.2935358255451713,0,85,849,True,False
hard,300917,0.3045766590389016,0.3045766590389016,0,68,680,True,False
medium,300918,0.5894859813084112,1.5894859813084112,1,59,584,True,False
hard,300919,0.2345537757437071,0.2345537757437071,0,59,581,True,False
medium,300920,0.7081775700934579,1.7081775700934578,1,74,732,True,False
hard,300921,0.36727688787185353,0.36727688787185353,0,75,743,True,False
medium,300922,0.5795171339563863,1.5795171339563863,1,78,776,True,False
hard,300923,0.2032036613272311,0.2032036613272311,0,57,561,True,False
medium,300924,0.7232866043613707,2.7232866043613706,2,74,737,True,False
hard,300925,0.23483981693363845,0.23483981693363845,0,73,728,True,False
medium,300926,0.45506230529595015,0.45506230529595015,0,90,900,False,True
hard,300927,0.18844393592677344,0.18844393592677344,0,65,649,True,False
medium,300928,0.765809968847352,2.765809968847352,2,81,809,True,False
hard,300929,0.23558352402745997,0.23558352402745997,0,58,578,True,False
medium,300930,0.676791277258567,2.676791277258567,2,67,664,True,False
hard,300931,0.27208237986270023,0.27208237986270023,0,61,609,True,False
medium,300932,0.42679127725856697,0.42679127725856697,0,65,644,True,False
hard,300933,0.22202517162471397,0.22202517162471397,0,57,567,True,False
medium,300934,0.5992990654205608,2.5992990654205608,2,72,713,True,False
hard,300935,0.20525171624713956,0.20525171624713956,0,58,577,True,False
medium,300936,0.5048286604361371,1.5048286604361372,1,90,900,False,True
hard,300937,0.21229977116704807,0.21229977116704807,0,58,578,True,False
medium,300938,0.7630841121495328,2.763084112149533,2,90,900,False,True
hard,300939,0.18346681922196797,0.18346681922196797,0,66,655,True,False
medium,300940,0.5985981308411215,2.5985981308411215,2,89,887,True,False
hard,300941,0.3423913043478261,0.3423913043478261,0,60,599,True,False
medium,300942,0.7080218068535825,2.7080218068535826,2,90,900,False,True
hard,300943,0.3355263157894737,0.3355263157894737,0,90,900,False,True
medium,300944,1.0,4.0,3,89,887,True,False
hard,300945,0.18192219679633867,0.18192219679633867,0,69,683,True,False
medium,300946,0.5396417445482866,1.5396417445482866,1,69,688,True,False
hard,300947,0.12585812356979406,0.12585812356979406,0,69,690,True,False
medium,300948,0.2623052959501558,0.2623052959501558,0,64,637,True,False
hard,300949,0.10354691075514874,0.10354691075514874,0,61,605,True,False
medium,300950,0.44462616822429907,0.44462616822429907,0,61,606,True,False
hard,300951,0.4433066361556064,0.4433066361556064,0,69,690,True,False
medium,300952,0.43068535825545173,0.43068535825545173,0,75,750,True,False
hard,300953,0.06367276887871853,0.06367276887871853,0,57,562,True,False
medium,300954,0.46822429906542057,0.46822429906542057,0,64,639,True,False
hard,300955,0.11905034324942791,0.11905034324942791,0,57,567,True,False
medium,300956,0.6134735202492212,1.6134735202492212,1,60,600,True,False
hard,300957,0.1066819221967963,0.1066819221967963,0,63,630,True,False
medium,300958,0.39400311526479753,0.39400311526479753,0,64,634,True,False
hard,300959,0.18003432494279176,0.18003432494279176,0,64,634,True,False
medium,300960,0.6056853582554517,1.6056853582554518,1,71,708,True,False
hard,300961,0.20852402745995424,0.20852402745995424,0,74,731,True,False
medium,300962,0.5254672897196262,1.5254672897196262,1,68,671,True,False
hard,300963,0.3017734553775744,0.3017734553775744,0,59,585,True,False
medium,300964,0.4015576323987539,0.4015576323987539,0,72,712,True,False
hard,300965,0.12986270022883295,0.12986270022883295,0,60,600,True,False
medium,300966,0.2592990654205607,0.2592990654205607,0,66,652,True,False
hard,300967,0.23083524027459953,0.23083524027459953,0,63,626,True,False
medium,300968,0.5632398753894081,1.5632398753894081,1,69,685,True,False
hard,300969,0.17471395881006865,0.17471395881006865,0,60,593,True,False
medium,300970,0.5642523364485982,1.564252336448598,1,71,702,True,False
hard,300971,0.1679633867276888,0.1679633867276888,0,63,625,True,False
medium,300972,0.52702492211838,1.52702492211838,1,90,900,False,True
hard,300973,0.0937070938215103,0.0937070938215103,0,57,565,True,False
medium,300974,0.6046728971962617,1.6046728971962616,1,64,640,True,False
hard,300975,0.16578947368421051,0.16578947368421051,0,63,626,True,False
medium,300976,0.40841121495327104,0.40841121495327104,0,67,667,True,False
hard,300977,0.2893592677345538,0.2893592677345538,0,77,768,True,False
medium,300978,0.44353582554517135,0.44353582554517135,0,66,652,True,False
hard,300979,0.12305491990846681,0.12305491990846681,0,57,568,True,False
medium,300980,0.7902647975077881,2.7902647975077883,2,61,605,True,False
hard,300981,0.33672768878718534,0.33672768878718534,0,86,856,True,False
medium,300982,0.39010903426791277,0.39010903426791277,0,66,659,True,False
hard,300983,0.16481693363844394,0.16481693363844394,0,68,680,True,False
medium,300984,0.5189252336448598,1.5189252336448598,1,66,654,True,False
hard,300985,0.1580091533180778,0.1580091533180778,0,68,674,True,False
medium,300986,0.25957943925233645,0.25957943925233645,0,68,673,True,False
hard,300987,0.16481693363844394,0.16481693363844394,0,61,602,True,False
medium,300988,0.6735202492211838,2.673520249221184,2,82,815,True,False
hard,300989,0.06899313501144165,0.06899313501144165,0,61,602,True,False
medium,300990,0.3322429906542056,0.3322429906542056,0,65,648,True,False
hard,300991,0.2949656750572082,0.2949656750572082,0,63,630,True,False
medium,300992,0.4630841121495327,0.4630841121495327,0,90,900,False,True
hard,300993,0.2017162471395881,0.2017162471395881,0,59,588,True,False
medium,300994,0.5492990654205607,1.5492990654205607,1,66,658,True,False
hard,300995,0.28581235697940505,0.28581235697940505,0,78,776,True,False
medium,300996,0.4769470404984424,0.4769470404984424,0,79,787,True,False
hard,300997,0.17162471395881007,0.17162471395881007,0,64,636,True,False
medium,300998,0.36129283489096575,0.36129283489096575,0,68,671,True,False
hard,300999,0.11776887871853549,0.11776887871853549,0,57,564,True,False
