#{"t_start": 1778905818.252765, "env_id": "None"}
r,l,t,damage_pct,score,stars,ticks_elapsed
2.512854,60,23.375249,0.5726544622425629,2.572654462242563,2,598
0.250536,57,41.342878,0.30663615560640733,0.30663615560640733,0,561
0.396337,62,62.904886,0.4574370709382151,0.4574370709382151,0,611
0.253989,62,85.357132,0.3157894736842105,0.3157894736842105,0,618
0.189408,55,106.354789,0.2441075514874142,0.2441075514874142,0,547
0.123379,59,128.113715,0.18197940503432494,0.18197940503432494,0,586
0.182641,54,147.702351,0.23604118993135012,0.23604118993135012,0,534
0.198158,53,166.82603,0.25085812356979403,0.25085812356979403,0,527
0.262204,54,192.132937,0.31590389016018305,0.31590389016018305,0,537
1.235907,71,217.351405,0.30600686498855834,1.3060068649885583,1,701
0.205773,58,238.421265,0.26367276887871854,0.26367276887871854,0,579
0.213484,61,259.675146,0.2736842105263158,0.2736842105263158,0,602
0.216086,59,279.787972,0.2748855835240275,0.2748855835240275,0,588
0.349209,59,301.034407,0.4076086956521739,0.4076086956521739,0,584
0.098988,53,319.694076,0.1518878718535469,0.1518878718535469,0,529
0.23239,72,344.579851,0.30389016018306636,0.30389016018306636,0,715
0.087778,56,364.493773,0.1430778032036613,0.1430778032036613,0,553
0.251178,55,391.005287,0.3053775743707094,0.3053775743707094,0,542
0.204186,59,411.586746,0.2629862700228833,0.2629862700228833,0,588
0.371364,60,434.342258,0.43066361556064076,0.43066361556064076,0,593
0.25946,56,454.195569,0.31516018306636157,0.31516018306636157,0,557
0.141984,57,473.878786,0.1982837528604119,0.1982837528604119,0,563
0.351197,59,494.624759,0.40989702517162474,0.40989702517162474,0,587
0.2199,56,514.224055,0.2754004576659039,0.2754004576659039,0,555
2.503931,61,535.246118,0.5645308924485126,2.564530892448513,2,606
2.500732,65,557.946066,0.5653318077803203,2.5653318077803204,2,646
0.053639,56,583.06259,0.10903890160183066,0.10903890160183066,0,554
0.223947,55,603.232838,0.2789473684210526,0.2789473684210526,0,550
2.47764,58,624.294245,0.5348398169336385,2.5348398169336384,2,572
0.073877,56,645.105533,0.12957665903890161,0.12957665903890161,0,557
0.181756,55,666.015036,0.23655606407322655,0.23655606407322655,0,548
0.337418,66,689.151767,0.40331807780320367,0.40331807780320367,0,659
0.324293,57,709.658196,0.3812929061784897,0.3812929061784897,0,570
0.352988,62,732.530351,0.41418764302059496,0.41418764302059496,0,612
0.241568,56,758.411236,0.2969679633867277,0.2969679633867277,0,554
0.109201,54,779.443998,0.16310068649885584,0.16310068649885584,0,539
1.444141,55,800.496351,0.49874141876430206,1.498741418764302,1,546
0.11395,55,822.210752,0.16864988558352403,0.16864988558352403,0,547
0.305982,66,844.97745,0.37168192219679635,0.37168192219679635,0,657
0.111618,55,865.856217,0.1660183066361556,0.1660183066361556,0,544
0.162517,53,886.219514,0.21521739130434783,0.21521739130434783,0,527
0.199277,56,906.465558,0.2545766590389016,0.2545766590389016,0,553
0.098286,52,923.208176,0.15028604118993136,0.15028604118993136,0,520
2.632863,72,955.180205,0.7048627002288329,2.704862700228833,2,720
0.310405,57,976.448074,0.3671052631578947,0.3671052631578947,0,567
2.471421,72,1002.565022,0.5434210526315789,2.543421052631579,2,720
0.333908,61,1024.122224,0.394908466819222,0.394908466819222,0,610
0.316921,65,1048.865544,0.3811212814645309,0.3811212814645309,0,642
0.145341,54,1070.425695,0.19874141876430207,0.19874141876430207,0,534
0.186475,54,1089.947977,0.2402745995423341,0.2402745995423341,0,538
0.168854,67,1113.582989,0.234954233409611,0.234954233409611,0,661
0.136273,53,1131.482605,0.1890732265446224,0.1890732265446224,0,528
0.287082,60,1159.569458,0.34708237986270024,0.34708237986270024,0,600
0.269659,58,1182.726506,0.3270594965675057,0.3270594965675057,0,574
0.144404,59,1205.138665,0.2032036613272311,0.2032036613272311,0,588
0.184761,57,1227.846145,0.24096109839816934,0.24096109839816934,0,562
0.110204,56,1247.993088,0.16590389016018306,0.16590389016018306,0,557
0.135908,59,1269.74619,0.1945080091533181,0.1945080091533181,0,586
0.178537,54,1290.383256,0.2324370709382151,0.2324370709382151,0,539
0.170105,72,1316.885614,0.24210526315789474,0.24210526315789474,0,720
0.292441,56,1345.219275,0.3483409610983982,0.3483409610983982,0,559
0.286779,58,1365.903248,0.344279176201373,0.344279176201373,0,575
0.302371,72,1390.547606,0.37437070938215106,0.37437070938215106,0,720
0.224751,58,1412.690452,0.28215102974828377,0.28215102974828377,0,574
0.152006,54,1434.339633,0.20560640732265445,0.20560640732265445,0,536
0.305517,72,1460.805336,0.3775171624713959,0.3775171624713959,0,720
0.177294,56,1482.739293,0.23249427917620138,0.23249427917620138,0,552
0.14951,59,1504.177413,0.2084096109839817,0.2084096109839817,0,589
0.2165,59,1526.769793,0.2754004576659039,0.2754004576659039,0,589
0.337268,72,1559.880259,0.40926773455377574,0.40926773455377574,0,720
0.329141,57,1582.123634,0.3856407322654462,0.3856407322654462,0,565
0.088178,55,1603.589998,0.1430778032036613,0.1430778032036613,0,549
0.267016,60,1625.833955,0.3267162471395881,0.3267162471395881,0,597
0.117866,53,1646.231613,0.16996567505720825,0.16996567505720825,0,521
0.132747,59,1667.012026,0.1912471395881007,0.1912471395881007,0,585
0.2186,56,1687.283021,0.2745995423340961,0.2745995423340961,0,560
0.211376,55,1708.603796,0.2660755148741419,0.2660755148741419,0,547
0.268309,53,1729.092612,0.32070938215102973,0.32070938215102973,0,524
0.061165,59,1758.097357,0.11956521739130435,0.11956521739130435,0,584
0.15022,55,1780.482438,0.20491990846681923,0.20491990846681923,0,547
0.317127,57,1802.400067,0.3732265446224256,0.3732265446224256,0,561
0.422876,69,1829.449782,0.49147597254004577,0.49147597254004577,0,686
0.210776,56,1851.785311,0.2660755148741419,0.2660755148741419,0,553
0.255183,55,1873.342087,0.31018306636155607,0.31018306636155607,0,550
0.264151,56,1894.576421,0.3194508009153318,0.3194508009153318,0,553
0.208457,55,1914.107652,0.26275743707093824,0.26275743707093824,0,543
0.145598,53,1934.509453,0.19799771167048055,0.19799771167048055,0,524
2.524547,55,1960.499257,0.5789473684210527,2.5789473684210527,2,544
0.290153,57,1980.952195,0.34645308924485124,0.34645308924485124,0,563
0.144899,54,2001.043177,0.19879862700228834,0.19879862700228834,0,539
0.030897,54,2021.960692,0.08449656750572082,0.08449656750572082,0,536
0.232632,59,2045.038614,0.29073226544622427,0.29073226544622427,0,581
0.245757,55,2067.317604,0.30005720823798626,0.30005720823798626,0,543
0.115262,52,2086.333827,0.167162471395881,0.167162471395881,0,519
2.542532,61,2109.643618,0.6030320366132723,2.603032036613272,2,605
0.106855,54,2129.577933,0.16035469107551487,0.16035469107551487,0,535
1.426513,72,2162.771214,0.49851258581235697,1.498512585812357,1,720
0.225409,58,2184.731341,0.2826086956521739,0.2826086956521739,0,572
0.25244,58,2206.790652,0.31024027459954234,0.31024027459954234,0,578
0.111703,54,2227.971091,0.16550343249427918,0.16550343249427918,0,538
0.233825,64,2251.403367,0.297025171624714,0.297025171624714,0,632
0.148259,54,2273.347661,0.20165903890160183,0.20165903890160183,0,534
0.23087,56,2294.194276,0.2866704805491991,0.2866704805491991,0,558
0.165522,55,2315.706318,0.21962242562929063,0.21962242562929063,0,541
0.310166,61,2339.195284,0.37036613272311214,0.37036613272311214,0,602
0.154113,58,2369.206038,0.21121281464530892,0.21121281464530892,0,571
0.153744,72,2397.837244,0.22574370709382152,0.22574370709382152,0,720
0.142108,53,2417.491271,0.1945080091533181,0.1945080091533181,0,524
0.195378,60,2441.493201,0.2553775743707094,0.2553775743707094,0,600
0.271214,54,2461.883327,0.32511441647597256,0.32511441647597256,0,539
0.332757,68,2485.281804,0.4000572082379863,0.4000572082379863,0,673
0.179271,71,2513.214669,0.2497711670480549,0.2497711670480549,0,705
0.13571,61,2538.307516,0.19651029748283752,0.19651029748283752,0,608
0.175637,57,2565.125042,0.2324370709382151,0.2324370709382151,0,568
0.371364,72,2592.743273,0.44336384439359267,0.44336384439359267,0,720
0.241294,67,2616.773938,0.30749427917620137,0.30749427917620137,0,662
0.144885,55,2636.895108,0.19908466819221968,0.19908466819221968,0,542
0.235527,63,2660.789818,0.29822654462242565,0.29822654462242565,0,627
0.106032,72,2687.233533,0.1780320366132723,0.1780320366132723,0,720
0.151724,57,2710.953796,0.20852402745995424,0.20852402745995424,0,568
0.11073,53,2730.254045,0.1637299771167048,0.1637299771167048,0,530
2.456955,54,2758.036451,0.5107551487414188,2.510755148741419,2,538
0.264908,55,2778.660792,0.3191075514874142,0.3191075514874142,0,542
0.238564,56,2800.31312,0.29376430205949655,0.29376430205949655,0,552
0.144741,54,2819.649845,0.19794050343249428,0.19794050343249428,0,532
2.454624,67,2843.348074,0.5212242562929061,2.521224256292906,2,666
1.406355,55,2865.486113,0.46075514874141876,1.4607551487414188,1,544
0.214898,59,2887.09562,0.27339816933638444,0.27339816933638444,0,585
0.165222,54,2910.324319,0.21922196796338672,0.21922196796338672,0,540
0.398476,56,2929.785316,0.45377574370709384,0.45377574370709384,0,553
0.177237,55,2957.238023,0.2320366132723112,0.2320366132723112,0,548
0.296359,55,2977.554505,0.3512585812356979,0.3512585812356979,0,549
0.363479,56,2998.657866,0.419279176201373,0.419279176201373,0,558
0.183562,59,3020.17181,0.242162471395881,0.242162471395881,0,586
0.152828,72,3047.409398,0.2248283752860412,0.2248283752860412,0,720
0.275174,65,3071.182022,0.3398741418764302,0.3398741418764302,0,647
0.219203,59,3093.384282,0.27740274599542336,0.27740274599542336,0,582
0.235156,52,3112.303924,0.28655606407322654,0.28655606407322654,0,514
0.114622,55,3133.64034,0.16882151029748282,0.16882151029748282,0,542
0.209537,61,3164.602484,0.27013729977116707,0.27013729977116707,0,606
0.28093,58,3184.687415,0.3383295194508009,0.3383295194508009,0,574
0.235317,55,3204.029195,0.2902173913043478,0.2902173913043478,0,549
0.070155,54,3223.414384,0.12345537757437071,0.12345537757437071,0,533
0.407749,61,3246.085669,0.46824942791762014,0.46824942791762014,0,605
0.28383,56,3266.510884,0.3391304347826087,0.3391304347826087,0,553
0.311376,56,3288.559538,0.3668764302059497,0.3668764302059497,0,555
0.238972,62,3310.890387,0.3005720823798627,0.3005720823798627,0,616
0.33064,67,3336.245097,0.3971395881006865,0.3971395881006865,0,665
0.258549,72,3368.898373,0.3305491990846682,0.3305491990846682,0,720
0.292043,59,3390.974587,0.3503432494279176,0.3503432494279176,0,583
0.359721,59,3411.754521,0.41802059496567506,0.41802059496567506,0,583
0.177861,63,3434.567991,0.24056064073226543,0.24056064073226543,0,627
0.094729,56,3456.003067,0.15022883295194508,0.15022883295194508,0,555
0.118873,58,3479.806087,0.17677345537757438,0.17677345537757438,0,579
2.494568,53,3501.639523,0.5473684210526316,2.5473684210526315,2,528
0.205884,56,3520.869271,0.26098398169336384,0.26098398169336384,0,551
0.146114,54,3546.505205,0.19931350114416477,0.19931350114416477,0,532
0.062947,53,3564.822093,0.1158466819221968,0.1158466819221968,0,529
0.241972,59,3587.487167,0.3001716247139588,0.3001716247139588,0,582
0.199297,61,3609.084332,0.2598970251716247,0.2598970251716247,0,606
0.022622,72,3633.294132,0.09422196796338672,0.09422196796338672,0,716
0.093868,54,3652.954236,0.14736842105263157,0.14736842105263157,0,535
0.144099,55,3676.144535,0.19879862700228834,0.19879862700228834,0,547
0.09789,56,3696.056537,0.15348970251716249,0.15348970251716249,0,556
1.473252,72,3722.777701,0.5452517162471396,1.5452517162471398,1,720
0.183154,65,3753.173482,0.24725400457665903,0.24725400457665903,0,641
0.214657,60,3778.051942,0.2746567505720824,0.2746567505720824,0,600
0.151505,53,3796.225371,0.2040045766590389,0.2040045766590389,0,525
0.315425,57,3818.594765,0.37202517162471394,0.37202517162471394,0,566
2.490432,63,3842.875876,0.5526315789473685,2.5526315789473686,2,622
0.36058,60,3864.972005,0.42008009153318077,0.42008009153318077,0,595
0.165922,53,3885.379599,0.21882151029748284,0.21882151029748284,0,529
0.216597,56,3907.012529,0.2725972540045767,0.2725972540045767,0,560
0.255302,59,3935.351244,0.3139016018306636,0.3139016018306636,0,586
0.221544,55,3955.88661,0.2757437070938215,0.2757437070938215,0,542
0.117784,56,3977.496205,0.1736842105263158,0.1736842105263158,0,559
0.162321,56,3999.702604,0.21802059496567505,0.21802059496567505,0,557
0.230555,56,4020.800379,0.2857551487414188,0.2857551487414188,0,552
0.142495,54,4041.086246,0.1959954233409611,0.1959954233409611,0,535
0.204087,60,4063.731997,0.2633867276887872,0.2633867276887872,0,593
0.155613,56,4083.08788,0.21161327231121282,0.21161327231121282,0,560
0.153406,52,4101.132422,0.20520594965675057,0.20520594965675057,0,518
1.441444,72,4136.200197,0.5134439359267735,1.5134439359267735,1,720
0.336579,58,4157.967853,0.39387871853546913,0.39387871853546913,0,573
0.375826,72,4184.022962,0.44782608695652176,0.44782608695652176,0,720
0.187349,56,4204.294981,0.24284897025171626,0.24284897025171626,0,555
0.110285,52,4224.360576,0.1621853546910755,0.1621853546910755,0,519
0.330403,72,4250.437866,0.40240274599542336,0.40240274599542336,0,720
0.241222,53,4269.813261,0.29422196796338673,0.29422196796338673,0,530
0.215298,59,4291.796818,0.27339816933638444,0.27339816933638444,0,581
0.106712,55,4314.630054,0.16081235697940505,0.16081235697940505,0,541
0.279526,56,4341.757295,0.3355263157894737,0.3355263157894737,0,560
0.034698,51,4361.118958,0.08569794050343249,0.08569794050343249,0,510
0.236763,56,4380.875211,0.2925629290617849,0.2925629290617849,0,558
0.317566,66,4407.019188,0.38306636155606405,0.38306636155606405,0,655
0.357303,58,4429.852729,0.41510297482837527,0.41510297482837527,0,578
0.194325,66,4454.863978,0.2597254004576659,0.2597254004576659,0,654
0.159325,51,4474.389721,0.2097254004576659,0.2097254004576659,0,504
0.100306,55,4495.722571,0.15520594965675058,0.15520594965675058,0,549
0.163318,53,4516.350078,0.2156178489702517,0.2156178489702517,0,523
0.124719,54,4542.731158,0.17871853546910754,0.17871853546910754,0,540
0.214752,56,4563.064148,0.27065217391304347,0.27065217391304347,0,559
0.103353,56,4583.373586,0.1591533180778032,0.1591533180778032,0,558
0.125175,53,4604.783152,0.17797482837528605,0.17797482837528605,0,528
0.241471,59,4629.250279,0.2997711670480549,0.2997711670480549,0,583
0.231375,72,4656.45804,0.3033752860411899,0.3033752860411899,0,720
0.243583,54,4676.921269,0.2974828375286041,0.2974828375286041,0,539
0.216155,58,4698.975848,0.2734553775743707,0.2734553775743707,0,573
1.395446,58,4722.136632,0.45314645308924484,1.4531464530892448,1,577
0.134931,55,4752.784667,0.1895308924485126,0.1895308924485126,0,546
0.15783,56,4776.086698,0.2137299771167048,0.2137299771167048,0,559
0.095462,72,4805.093879,0.167162471395881,0.167162471395881,0,717
0.231957,56,4827.422643,0.28735697940503435,0.28735697940503435,0,554
0.295764,61,4850.730275,0.3560640732265446,0.3560640732265446,0,603
0.204768,55,4871.784401,0.2592677345537757,0.2592677345537757,0,545
0.143698,55,4892.961034,0.19799771167048055,0.19799771167048055,0,543
0.153292,53,4911.50425,0.20549199084668193,0.20549199084668193,0,522
0.291087,61,4933.489553,0.351487414187643,0.351487414187643,0,604
0.204327,57,4962.708302,0.2613272311212815,0.2613272311212815,0,570
0.200565,57,4984.323958,0.2568649885583524,0.2568649885583524,0,563
0.20557,57,5005.872011,0.26167048054919906,0.26167048054919906,0,561
0.179378,52,5025.743681,0.23117848970251717,0.23117848970251717,0,518
1.386034,57,5046.43232,0.4423340961098398,1.4423340961098399,1,563
0.281372,57,5070.084878,0.33787185354691074,0.33787185354691074,0,565
0.225021,56,5089.927169,0.280720823798627,0.280720823798627,0,557
0.210088,55,5112.215791,0.26418764302059494,0.26418764302059494,0,541
0.259003,57,5133.354317,0.3155034324942792,0.3155034324942792,0,565
0.308305,59,5162.298258,0.3671052631578947,0.3671052631578947,0,588
0.317989,61,5185.52083,0.37808924485125855,0.37808924485125855,0,601
0.377997,58,5208.330972,0.4352974828375286,0.4352974828375286,0,573
0.248836,58,5230.685896,0.30663615560640733,0.30663615560640733,0,578
2.542042,70,5257.227332,0.6114416475972541,2.611441647597254,2,694
0.261845,53,5275.325365,0.3146453089244851,0.3146453089244851,0,528
0.140097,58,5297.357947,0.19759725400457667,0.19759725400457667,0,575
0.307672,56,5318.879625,0.36287185354691076,0.36287185354691076,0,552
0.302256,72,5352.565498,0.3742562929061785,0.3742562929061785,0,720
0.314965,55,5374.453293,0.3695652173913043,0.3695652173913043,0,546
0.229711,55,5396.244992,0.28421052631578947,0.28421052631578947,0,545
0.216596,55,5418.017512,0.271395881006865,0.271395881006865,0,548
0.115908,54,5437.937768,0.16950800915331807,0.16950800915331807,0,536
0.101788,63,5463.025566,0.16418764302059496,0.16418764302059496,0,624
0.343165,65,5487.696008,0.4072654462242563,0.4072654462242563,0,641
0.276021,55,5508.072553,0.330720823798627,0.330720823798627,0,547
0.192598,56,5530.803621,0.24799771167048054,0.24799771167048054,0,554
0.271663,59,5561.034809,0.33026315789473687,0.33026315789473687,0,586
0.141094,54,5581.408119,0.19439359267734554,0.19439359267734554,0,533
0.178834,52,5599.088328,0.23003432494279177,0.23003432494279177,0,512
0.392543,58,5620.540409,0.44994279176201374,0.44994279176201374,0,574
0.102106,54,5640.738771,0.15520594965675058,0.15520594965675058,0,531
0.093124,54,5662.103197,0.14622425629290617,0.14622425629290617,0,531
0.24419,72,5691.384473,0.3161899313501144,0.3161899313501144,0,720
0.341266,67,5716.072438,0.40766590389016016,0.40766590389016016,0,664
0.238023,57,5737.186542,0.2950228832951945,0.2950228832951945,0,570
0.171734,59,5764.247441,0.23003432494279177,0.23003432494279177,0,583
0.15491,54,5784.396662,0.20881006864988558,0.20881006864988558,0,539
1.341155,58,5807.145303,0.3984553775743707,1.3984553775743707,1,573
0.170388,57,5829.631979,0.2272883295194508,0.2272883295194508,0,569
0.18546,55,5851.273015,0.24016018306636155,0.24016018306636155,0,547
1.337563,56,5871.935484,0.39296338672768877,1.3929633867276887,1,554
0.146401,55,5893.109209,0.20120137299771168,0.20120137299771168,0,548
0.151351,57,5915.809632,0.20755148741418764,0.20755148741418764,0,562
0.294559,58,5938.677092,0.35205949656750574,0.35205949656750574,0,575
0.123876,55,5964.081156,0.17877574370709381,0.17877574370709381,0,549
0.021786,54,5983.478109,0.07568649885583524,0.07568649885583524,0,539
2.534236,72,6009.619622,0.6062356979405035,2.6062356979405035,2,720
0.244031,58,6030.939905,0.30183066361556066,0.30183066361556066,0,578
0.390323,68,6057.480701,0.4577231121281464,0.4577231121281464,0,674
0.178841,57,6079.251076,0.2356407322654462,0.2356407322654462,0,568
0.170793,61,6103.14178,0.23129290617848972,0.23129290617848972,0,605
1.437235,56,6122.306663,0.4927345537757437,1.4927345537757437,1,555
0.27981,54,6140.910771,0.3334096109839817,0.3334096109839817,0,536
0.106237,51,6165.169202,0.15703661327231122,0.15703661327231122,0,508
0.26071,61,6188.267762,0.32110983981693364,0.32110983981693364,0,604
0.120126,53,6209.452403,0.17282608695652174,0.17282608695652174,0,527
0.380458,58,6231.287196,0.4381578947368421,0.4381578947368421,0,577
2.566026,70,6259.184654,0.6355263157894737,2.6355263157894737,2,695
0.251796,58,6282.311564,0.30909610983981695,0.30909610983981695,0,573
2.58093,58,6303.479091,0.638329519450801,2.638329519450801,2,574
0.412145,53,6322.342523,0.46464530892448513,0.46464530892448513,0,525
0.17914,57,6350.583526,0.23524027459954233,0.23524027459954233,0,561
0.346659,56,6372.60429,0.4020594965675057,0.4020594965675057,0,554
0.221145,56,6394.465082,0.2769450800915332,0.2769450800915332,0,558
0.289642,60,6416.840616,0.34954233409610985,0.34954233409610985,0,599
0.211858,64,6440.047173,0.27585812356979406,0.27585812356979406,0,640
0.421488,56,6461.502446,0.4768878718535469,0.4768878718535469,0,554
0.292184,57,6481.291639,0.3482837528604119,0.3482837528604119,0,561
0.074263,56,6500.363461,0.12986270022883295,0.12986270022883295,0,556
0.153611,56,6521.241046,0.20921052631578949,0.20921052631578949,0,556
0.274825,60,6551.368433,0.334324942791762,0.334324942791762,0,595
0.235469,63,6575.051472,0.29776887871853547,0.29776887871853547,0,623
0.275621,56,6597.105252,0.330720823798627,0.330720823798627,0,551
0.224762,55,6616.99794,0.27906178489702516,0.27906178489702516,0,543
0.232117,59,6639.392886,0.2902173913043478,0.2902173913043478,0,581
2.488469,72,6666.997018,0.5604691075514874,2.560469107551487,2,720
0.304461,62,6690.63803,0.36556064073226546,0.36556064073226546,0,611
0.291486,59,6713.211197,0.34988558352402743,0.34988558352402743,0,584
0.096286,54,6732.538405,0.15028604118993136,0.15028604118993136,0,540
0.319671,56,6761.217763,0.3747711670480549,0.3747711670480549,0,551
0.139809,56,6781.46498,0.19570938215102976,0.19570938215102976,0,559
0.192272,59,6803.319898,0.2505720823798627,0.2505720823798627,0,583
0.204763,51,6822.204067,0.25486270022883295,0.25486270022883295,0,501
0.151497,59,6844.395558,0.2098970251716247,0.2098970251716247,0,584
0.060344,54,6864.463215,0.11344393592677346,0.11344393592677346,0,531
0.201524,58,6886.153266,0.25892448512585814,0.25892448512585814,0,574
0.289938,56,6909.829231,0.34593821510297484,0.34593821510297484,0,560
1.473165,59,6933.106623,0.5314645308924485,1.5314645308924484,1,583
2.465087,61,6962.985281,0.5260869565217391,2.526086956521739,2,610
0.291341,58,6984.55387,0.34874141876430204,0.34874141876430204,0,574
1.39293,59,7005.066516,0.45143020594965677,1.4514302059496567,1,585
0.171192,72,7030.924687,0.24319221967963386,0.24319221967963386,0,720
0.243686,57,7052.755292,0.29988558352402744,0.29988558352402744,0,562
0.121469,64,7077.475873,0.18506864988558352,0.18506864988558352,0,636
0.274351,58,7099.50597,0.33215102974828375,0.33215102974828375,0,578
0.173423,72,7126.421184,0.24542334096109839,0.24542334096109839,0,720
0.134129,54,7151.905035,0.18792906178489702,0.18792906178489702,0,538
0.074661,54,7170.644632,0.12866132723112128,0.12866132723112128,0,540
0.393058,58,7191.625859,0.45085812356979404,0.45085812356979404,0,578
0.220945,56,7213.103778,0.2769450800915332,0.2769450800915332,0,560
0.227897,57,7233.758654,0.28449656750572083,0.28449656750572083,0,566
0.404115,59,7256.76255,0.46281464530892447,0.46281464530892447,0,587
2.595792,72,7282.365633,0.66779176201373,2.66779176201373,2,720
0.273555,63,7304.478892,0.33575514874141876,0.33575514874141876,0,622
0.387794,57,7327.313679,0.4443935926773455,0.4443935926773455,0,566
0.228753,56,7353.018979,0.2841533180778032,0.2841533180778032,0,554
0.193189,60,7374.301443,0.2526887871853547,0.2526887871853547,0,595
0.261406,57,7395.54999,0.31750572082379863,0.31750572082379863,0,561
0.166027,58,7417.24895,0.22322654462242564,0.22322654462242564,0,572
0.168327,55,7440.081105,0.22322654462242564,0.22322654462242564,0,549
0.198889,67,7464.515059,0.2653890160183066,0.2653890160183066,0,665
0.1274,61,7486.091588,0.18770022883295195,0.18770022883295195,0,603
1.453201,61,7507.542608,0.5135011441647597,1.5135011441647597,1,603
0.310767,60,7536.334507,0.370766590389016,0.370766590389016,0,600
0.152754,58,7557.171196,0.20995423340961097,0.20995423340961097,0,572
0.163721,55,7577.261169,0.21802059496567505,0.21802059496567505,0,543
0.142794,52,7597.002958,0.19479405034324943,0.19479405034324943,0,520
0.253782,56,7619.595566,0.3089816933638444,0.3089816933638444,0,552
0.166122,54,7639.403186,0.21922196796338672,0.21922196796338672,0,531
0.185976,56,7660.078937,0.24187643020594965,0.24187643020594965,0,559
0.212654,60,7680.907564,0.27265446224256296,0.27265446224256296,0,600
0.204226,57,7701.995162,0.26052631578947366,0.26052631578947366,0,563
0.272061,57,7729.567042,0.3286613272311213,0.3286613272311213,0,566
0.224024,60,7752.237381,0.2839244851258581,0.2839244851258581,0,599
0.104509,54,7772.165171,0.1580091533180778,0.1580091533180778,0,535
0.271215,55,7793.918775,0.3259153318077803,0.3259153318077803,0,547
0.162435,56,7816.857769,0.2181350114416476,0.2181350114416476,0,557
0.222547,56,7837.46052,0.27854691075514876,0.27854691075514876,0,560
0.272219,58,7858.228279,0.3295194508009153,0.3295194508009153,0,573
0.242072,59,7879.327128,0.3001716247139588,0.3001716247139588,0,581
2.577312,59,7901.395735,0.6358123569794051,2.635812356979405,2,585
0.064888,50,7919.800539,0.11458810068649886,0.11458810068649886,0,497
0.133791,59,7947.438076,0.1919908466819222,0.1919908466819222,0,582
0.087962,54,7968.988864,0.14176201372997713,0.14176201372997713,0,538
0.374706,56,7990.061607,0.4302059496567506,0.4302059496567506,0,555
0.146616,68,8016.475296,0.21401601830663616,0.21401601830663616,0,674
0.083618,58,8037.950448,0.1410183066361556,0.1410183066361556,0,574
0.186966,59,8059.702048,0.24536613272311214,0.24536613272311214,0,584
0.15391,55,8081.322591,0.2084096109839817,0.2084096109839817,0,545
0.304493,53,8101.858001,0.3566933638443936,0.3566933638443936,0,522
0.194501,57,8129.753921,0.25120137299771167,0.25120137299771167,0,567
0.138935,55,8151.492038,0.1931350114416476,0.1931350114416476,0,542
0.288181,59,8173.01128,0.3462814645308924,0.3462814645308924,0,581
2.568764,62,8197.804828,0.6306636155606408,2.630663615560641,2,619
2.552012,59,8219.275354,0.6108123569794051,2.6108123569794053,2,588
0.086915,52,8238.413156,0.13821510297482836,0.13821510297482836,0,513
2.535208,72,8265.364116,0.60720823798627,2.6072082379862698,2,720
0.15806,58,8287.128046,0.21516018306636156,0.21516018306636156,0,571
2.547749,58,8309.5602,0.6055491990846682,2.605549199084668,2,578
0.078465,54,8336.748,0.1322654462242563,0.1322654462242563,0,538
0.172892,58,8359.331774,0.23049199084668193,0.23049199084668193,0,576
0.342259,59,8380.262025,0.40125858123569796,0.40125858123569796,0,590
1.418954,53,8399.800169,0.47185354691075515,1.4718535469107552,1,529
0.216095,55,8422.965286,0.2709954233409611,0.2709954233409611,0,549
0.37854,57,8446.073835,0.43524027459954234,0.43524027459954234,0,567
0.352088,63,8470.777032,0.41418764302059496,0.41418764302059496,0,621
0.278965,53,8490.986745,0.3318649885583524,0.3318649885583524,0,529
0.154109,54,8510.37054,0.2076086956521739,0.2076086956521739,0,535
0.260649,58,8540.884283,0.3182494279176201,0.3182494279176201,0,576
0.335705,57,8560.942467,0.39210526315789473,0.39210526315789473,0,564
0.212191,56,8580.572941,0.2673913043478261,0.2673913043478261,0,552
0.205583,55,8600.832805,0.2601830663615561,0.2601830663615561,0,546
0.164461,52,8622.34273,0.21596109839816935,0.21596109839816935,0,515
0.288447,66,8647.570018,0.35354691075514877,0.35354691075514877,0,651
0.248289,55,8667.608372,0.3030892448512586,0.3030892448512586,0,548
1.261012,63,8691.972855,0.32311212814645307,1.323112128146453,1,621
0.080052,54,8714.102484,0.1333524027459954,0.1333524027459954,0,533
0.079405,50,8737.844769,0.1294050343249428,0.1294050343249428,0,500
0.192454,55,8760.04529,0.24725400457665903,0.24725400457665903,0,548
0.380719,62,8785.24102,0.44181922196796336,0.44181922196796336,0,611
1.401161,65,8807.695482,0.46556064073226544,1.4655606407322654,1,644
0.189363,54,8827.783453,0.24296338672768877,0.24296338672768877,0,536
0.198027,64,8850.349439,0.2613272311212815,0.2613272311212815,0,633
0.185504,56,8870.927845,0.24130434782608695,0.24130434782608695,0,558
0.1785,59,8892.447917,0.23729977116704806,0.23729977116704806,0,588
0.195014,56,8912.918108,0.25011441647597255,0.25011441647597255,0,551
0.11831,54,8939.394287,0.17151029748283753,0.17151029748283753,0,532
0.166622,53,8959.601999,0.21882151029748284,0.21882151029748284,0,522
0.172991,57,8982.831368,0.22929061784897026,0.22929061784897026,0,563
0.223248,57,9005.481951,0.2797482837528604,0.2797482837528604,0,565
0.183175,58,9028.539427,0.2402745995423341,0.2402745995423341,0,571
0.35533,58,9050.91858,0.41332951945080093,0.41332951945080093,0,580
0.238325,59,9071.831524,0.29662471395881007,0.29662471395881007,0,583
0.219102,58,9094.311943,0.27700228832951945,0.27700228832951945,0,579
0.208759,69,9120.04549,0.2770594965675057,0.2770594965675057,0,683
0.407096,65,9150.58403,0.47139588100686497,0.47139588100686497,0,643
1.446235,60,9173.945553,0.5054347826086957,1.5054347826086958,1,592
0.191308,54,9193.918717,0.24490846681922196,0.24490846681922196,0,536
0.324583,61,9216.418677,0.3847826086956522,0.3847826086956522,0,602
0.267657,58,9240.384438,0.3250572082379863,0.3250572082379863,0,574
2.558695,62,9262.830754,0.6201945080091533,2.6201945080091535,2,615
0.120857,54,9282.778078,0.17465675057208238,0.17465675057208238,0,538
0.212611,72,9311.466103,0.2846109839816934,0.2846109839816934,0,720
0.2529,60,9340.674048,0.31229977116704805,0.31229977116704805,0,594
0.203069,57,9362.803359,0.26006864988558354,0.26006864988558354,0,570
2.511734,56,9384.488453,0.5673340961098399,2.56733409610984,2,556
0.22851,55,9406.574162,0.2834096109839817,0.2834096109839817,0,549
0.316683,56,9426.85876,0.3724828375286041,0.3724828375286041,0,558
0.409185,53,9447.200329,0.4617848970251716,0.4617848970251716,0,526
2.494664,61,9471.43493,0.5556636155606407,2.5556636155606407,2,610
0.170943,54,9491.705199,0.22494279176201373,0.22494279176201373,0,540
0.167684,56,9512.130569,0.2232837528604119,0.2232837528604119,0,556
0.153416,61,9541.306214,0.21361556064073225,0.21361556064073225,0,602
0.293481,52,9561.351653,0.34548054919908466,0.34548054919908466,0,520
0.247589,56,9582.591775,0.3030892448512586,0.3030892448512586,0,555
1.320542,54,9602.337913,0.37414187643020597,1.374141876430206,1,536
0.187104,54,9622.996037,0.24090389016018307,0.24090389016018307,0,538
1.385957,52,9643.171624,0.4373569794050343,1.4373569794050343,1,514
0.418618,72,9671.157905,0.49061784897025174,0.49061784897025174,0,720
2.493211,55,9691.10189,0.5473112128146453,2.5473112128146456,2,541
0.213077,55,9711.105864,0.26767734553775746,0.26767734553775746,0,546
0.287344,64,9741.024458,0.3507437070938215,0.3507437070938215,0,634
0.148018,55,9763.37659,0.20291762013729978,0.20291762013729978,0,549
0.266161,63,9785.374217,0.3282608695652174,0.3282608695652174,0,621
0.201049,67,9806.248588,0.2678489702517162,0.2678489702517162,0,668
0.194084,55,9826.063118,0.2482837528604119,0.2482837528604119,0,542
0.224849,56,9846.627094,0.2805491990846682,0.2805491990846682,0,557
0.247293,60,9870.787245,0.3066933638443936,0.3066933638443936,0,594
0.184058,55,9892.801463,0.2381578947368421,0.2381578947368421,0,541
0.092865,52,9912.905801,0.14416475972540047,0.14416475972540047,0,513
0.096325,51,9936.201906,0.14662471395881008,0.14662471395881008,0,503
0.124278,57,9962.021409,0.18077803203661327,0.18077803203661327,0,565
0.264851,55,9983.348206,0.3194508009153318,0.3194508009153318,0,546
1.343369,55,10004.202434,0.39776887871853545,1.3977688787185354,1,544
0.178796,55,10026.540204,0.23369565217391305,0.23369565217391305,0,549
0.139331,51,10045.0625,0.18993135011441648,0.18993135011441648,0,506
0.180898,55,10065.61499,0.23569794050343248,0.23569794050343248,0,548
0.105438,53,10084.961723,0.15783752860411898,0.15783752860411898,0,524
0.240568,56,10106.809289,0.2965675057208238,0.2965675057208238,0,560
0.102345,50,10125.121181,0.15194508009153318,0.15194508009153318,0,496
0.182904,58,10152.433797,0.24090389016018307,0.24090389016018307,0,580
0.080507,51,10171.477286,0.13140732265446226,0.13140732265446226,0,509
0.191711,56,10193.644305,0.2473112128146453,0.2473112128146453,0,556
0.263149,56,10216.816774,0.3182494279176201,0.3182494279176201,0,551
2.487086,51,10236.294545,0.5375858123569794,2.5375858123569794,2,505
2.477191,53,10257.470216,0.5292906178489702,2.5292906178489702,2,521
0.195011,53,10277.362857,0.2473112128146453,0.2473112128146453,0,523
1.308629,54,10296.120955,0.3625286041189931,1.3625286041189932,1,539
0.141895,55,10315.854936,0.1959954233409611,0.1959954233409611,0,541
0.258102,56,10342.150337,0.3139016018306636,0.3139016018306636,0,558
0.247973,53,10361.765304,0.30097254004576657,0.30097254004576657,0,530
0.16438,56,10384.161344,0.21967963386727687,0.21967963386727687,0,553
0.125359,51,10403.587757,0.17625858123569793,0.17625858123569793,0,509
0.29254,55,10424.658761,0.3471395881006865,0.3471395881006865,0,546
0.203121,53,10444.635413,0.2561212814645309,0.2561212814645309,0,530
0.192873,59,10466.098228,0.2509725400457666,0.2509725400457666,0,581
0.162534,55,10488.2535,0.21693363844393593,0.21693363844393593,0,544
0.267514,58,10510.307814,0.32511441647597256,0.32511441647597256,0,576
0.383748,59,10538.54319,0.44204805491990845,0.44204805491990845,0,583
0.165722,54,10557.50276,0.21882151029748284,0.21882151029748284,0,531
0.223949,57,10577.749409,0.2801487414187643,0.2801487414187643,0,562
0.202253,70,10604.043375,0.27145308924485123,0.27145308924485123,0,692
0.242227,57,10625.727956,0.2990274599542334,0.2990274599542334,0,568
0.216595,54,10644.676421,0.27019450800915334,0.27019450800915334,0,536
0.235916,54,10663.92775,0.28901601830663615,0.28901601830663615,0,531
2.501741,72,10691.797966,0.5737414187643021,2.573741418764302,2,720
0.059443,54,10712.04453,0.11304347826086956,0.11304347826086956,0,536
0.419283,54,10738.629761,0.472883295194508,0.472883295194508,0,536
1.331815,57,10761.23326,0.38821510297482836,1.3882151029748284,1,564
0.134087,55,10782.902798,0.18878718535469108,0.18878718535469108,0,547
0.337349,56,10803.649969,0.39324942791762013,0.39324942791762013,0,559
1.36511,57,10826.085439,0.4215102974828375,1.4215102974828375,1,564
0.060987,53,10845.911935,0.11378718535469108,0.11378718535469108,0,528
0.233177,60,10869.588135,0.2926773455377574,0.2926773455377574,0,595
0.246745,56,10891.084546,0.3019450800915332,0.3019450800915332,0,552
0.178652,55,10911.51638,0.23335240274599542,0.23335240274599542,0,547
0.169026,54,10937.173616,0.22242562929061785,0.22242562929061785,0,534
0.332951,62,10960.206765,0.3948512585812357,0.3948512585812357,0,619
0.398218,56,10980.334231,0.45331807780320366,0.45331807780320366,0,551
0.087876,54,11000.074877,0.14187643020594964,0.14187643020594964,0,540
0.184647,57,11023.286774,0.2408466819221968,0.2408466819221968,0,562
0.164684,59,11046.033658,0.2232837528604119,0.2232837528604119,0,586
1.453614,59,11067.940336,0.5124141876430206,1.5124141876430206,1,588
0.284751,72,11094.318855,0.35675057208237987,0.35675057208237987,0,720
0.319634,61,11119.376407,0.38003432494279177,0.38003432494279177,0,604
0.361786,64,11149.47967,0.42568649885583526,0.42568649885583526,0,639
0.114805,52,11168.81325,0.16670480549199085,0.16670480549199085,0,519
0.201984,60,11192.218588,0.26138443935926775,0.26138443935926775,0,594
1.420415,56,11214.479395,0.47591533180778034,1.4759153318077805,1,555
0.202646,63,11240.222206,0.2654462242562929,0.2654462242562929,0,628
0.304196,55,11260.971372,0.358695652173913,0.358695652173913,0,545
0.181562,61,11284.207157,0.242162471395881,0.242162471395881,0,606
2.799625,72,11311.390688,0.87162471395881,2.87162471395881,2,720
0.396346,70,11343.387955,0.4654462242562929,0.4654462242562929,0,691
2.481216,71,11369.711846,0.5517162471395881,2.5517162471395882,2,705
0.275463,55,11392.895547,0.33026315789473687,0.33026315789473687,0,548
0.286039,61,11418.438557,0.3463386727688787,0.3463386727688787,0,603
0.249693,57,11439.858446,0.3066933638443936,0.3066933638443936,0,570
0.084173,55,11461.77803,0.13867276887871854,0.13867276887871854,0,545
0.281374,59,11483.949574,0.3394736842105263,0.3394736842105263,0,581
0.14812,70,11509.310683,0.21721967963386726,0.21721967963386726,0,691
0.058884,52,11530.048201,0.11058352402745995,0.11058352402745995,0,517
1.397046,57,11558.627835,0.45314645308924484,1.4531464530892448,1,561
0.288432,52,11578.382477,0.34033180778032035,0.34033180778032035,0,519
0.154211,55,11598.053026,0.20921052631578949,0.20921052631578949,0,550
0.176592,54,11616.570139,0.23049199084668193,0.23049199084668193,0,539
0.310263,58,11638.239732,0.3679633867276888,0.3679633867276888,0,577
0.160862,56,11659.837039,0.2167620137299771,0.2167620137299771,0,559
0.213739,58,11681.655543,0.2717391304347826,0.2717391304347826,0,580
1.302211,57,11703.451141,0.3592105263157895,1.3592105263157894,1,570
0.243447,61,11726.390172,0.30394736842105263,0.30394736842105263,0,605
0.236764,57,11753.723193,0.29376430205949655,0.29376430205949655,0,570
0.17153,55,11774.380095,0.22643020594965674,0.22643020594965674,0,549
0.127922,54,11796.187978,0.18192219679633867,0.18192219679633867,0,540
0.291986,59,11819.479592,0.35028604118993134,0.35028604118993134,0,583
0.179998,56,11840.022544,0.23569794050343248,0.23569794050343248,0,557
0.029397,56,11860.858543,0.08449656750572082,0.08449656750572082,0,551
0.20727,55,11880.766153,0.26167048054919906,0.26167048054919906,0,544
0.296029,55,11902.406183,0.35022883295194507,0.35022883295194507,0,542
0.340737,55,11923.67815,0.39513729977116707,0.39513729977116707,0,544
0.21554,57,11951.277424,0.2721395881006865,0.2721395881006865,0,566
0.322291,57,11973.313791,0.3792906178489702,0.3792906178489702,0,570
0.354563,64,11996.658532,0.4179633867276888,0.4179633867276888,0,634
0.259608,60,12017.767481,0.3191075514874142,0.3191075514874142,0,595
1.306439,66,12042.868706,0.3717391304347826,1.3717391304347826,1,653
0.298264,58,12065.035559,0.35566361556064074,0.35566361556064074,0,574
0.291388,61,12089.295978,0.3518878718535469,0.3518878718535469,0,605
2.469476,72,12117.366199,0.5414759725400458,2.541475972540046,2,720
0.191067,56,12143.71839,0.2461670480549199,0.2461670480549199,0,551
0.060596,61,12165.78699,0.12139588100686499,0.12139588100686499,0,608
0.344916,70,12191.571214,0.41441647597254005,0.41441647597254005,0,695
0.106742,55,12211.866945,0.16144164759725402,0.16144164759725402,0,547
0.303774,62,12238.104119,0.3648741418764302,0.3648741418764302,0,611
0.267757,57,12258.055846,0.3246567505720824,0.3246567505720824,0,569
0.29354,54,12279.88665,0.3471395881006865,0.3471395881006865,0,536
0.260794,59,12302.014591,0.3193935926773455,0.3193935926773455,0,586
0.156615,57,12321.905846,0.2128146453089245,0.2128146453089245,0,562
0.220746,57,12351.249681,0.2773455377574371,0.2773455377574371,0,566
0.20042,55,12370.521199,0.25532036613272313,0.25532036613272313,0,549
0.274509,59,12391.52557,0.33260869565217394,0.33260869565217394,0,581
0.138448,54,12411.921197,0.19204805491990848,0.19204805491990848,0,536
0.201723,56,12433.312657,0.25772311212814647,0.25772311212814647,0,560
0.172749,58,12454.30182,0.2305491990846682,0.2305491990846682,0,578
0.179997,55,12475.387617,0.23449656750572082,0.23449656750572082,0,545
0.300422,69,12501.924203,0.36882151029748284,0.36882151029748284,0,684
0.287335,56,12523.473981,0.3427345537757437,0.3427345537757437,0,554
0.080909,52,12548.520064,0.13260869565217392,0.13260869565217392,0,517
0.226451,56,12568.680745,0.28215102974828377,0.28215102974828377,0,557
0.128965,53,12588.964025,0.1818649885583524,0.1818649885583524,0,529
1.398229,52,12610.105926,0.4502288329519451,1.450228832951945,1,520
0.170693,61,12632.77396,0.23129290617848972,0.23129290617848972,0,606
0.224791,55,12654.458564,0.27969107551487415,0.27969107551487415,0,549
0.199877,56,12675.058019,0.2549771167048055,0.2549771167048055,0,551
0.322673,54,12696.477845,0.3763729977116705,0.3763729977116705,0,537
0.259504,57,12717.70591,0.31630434782608696,0.31630434782608696,0,568
0.331303,59,12746.471135,0.3901029748283753,0.3901029748283753,0,588
0.141051,54,12765.798685,0.19445080091533182,0.19445080091533182,0,534
0.207327,54,12784.68835,0.2613272311212815,0.2613272311212815,0,540
1.447741,51,12803.908934,0.49874141876430206,1.498741418764302,1,510
0.249883,61,12826.077214,0.31018306636155607,0.31018306636155607,0,603
0.30666,59,12851.801345,0.36516018306636155,0.36516018306636155,0,585
2.61235,69,12877.294613,0.6809496567505721,2.680949656750572,2,686
0.222041,52,12894.995981,0.2737414187643021,0.2737414187643021,0,517
1.369405,60,12918.812258,0.4290045766590389,1.429004576659039,1,596
0.417187,59,12947.025884,0.47608695652173916,0.47608695652173916,0,589
0.163266,57,12967.293761,0.21996567505720824,0.21996567505720824,0,567
0.088693,56,12986.160452,0.14399313501144165,0.14399313501144165,0,553
0.240291,64,13009.329322,0.30429061784897027,0.30429061784897027,0,640
0.283327,53,13028.601346,0.3359267734553776,0.3359267734553776,0,526
0.21874,54,13048.767146,0.2725400457665904,0.2725400457665904,0,538
0.207672,56,13067.494144,0.2628718535469107,0.2628718535469107,0,552
0.172632,55,13087.099698,0.22763157894736843,0.22763157894736843,0,550
0.347119,57,13108.142096,0.40411899313501143,0.40411899313501143,0,570
0.21814,55,13134.576972,0.2725400457665904,0.2725400457665904,0,544
0.17253,54,13156.622143,0.22643020594965674,0.22643020594965674,0,539
2.473996,60,13178.467646,0.533695652173913,2.533695652173913,2,597
0.217736,52,13196.217074,0.26933638443935926,0.26933638443935926,0,516
0.108215,55,13217.512629,0.16321510297482839,0.16321510297482839,0,550
0.205546,60,13238.025406,0.2654462242562929,0.2654462242562929,0,599
0.332928,55,13257.07214,0.38712814645308924,0.38712814645308924,0,542
0.22066,57,13276.03818,0.27745995423340963,0.27745995423340963,0,568
0.119527,55,13294.253489,0.1740274599542334,0.1740274599542334,0,545
0.320631,57,13322.587972,0.3772311212814645,0.3772311212814645,0,566
2.456959,57,13343.926498,0.5139588100686499,2.51395881006865,2,570
2.582342,55,13365.469469,0.6368421052631579,2.636842105263158,2,545
0.21894,54,13387.408784,0.2721395881006865,0.2721395881006865,0,532
0.272428,65,13410.752568,0.33672768878718534,0.33672768878718534,0,643
0.107714,55,13430.233943,0.1624141876430206,0.1624141876430206,0,547
0.189305,53,13449.532142,0.24170480549199086,0.24170480549199086,0,524
0.143499,56,13471.119617,0.19879862700228834,0.19879862700228834,0,553
2.502754,70,13498.331774,0.5718535469107552,2.5718535469107553,2,691
0.202079,55,13524.567748,0.2569794050343249,0.2569794050343249,0,549
0.23149,72,13550.54308,0.30348970251716245,0.30348970251716245,0,720
0.232375,58,13571.763597,0.2902745995423341,0.2902745995423341,0,579
0.12782,53,13590.392782,0.18032036613272312,0.18032036613272312,0,525
0.370992,60,13613.726545,0.4308924485125858,0.4308924485125858,0,599
0.259089,57,13634.501945,0.31538901601830666,0.31538901601830666,0,563
0.119555,54,13654.439269,0.17305491990846683,0.17305491990846683,0,535
0.20965,59,13675.750947,0.26864988558352404,0.26864988558352404,0,590
0.234958,54,13695.333424,0.2881578947368421,0.2881578947368421,0,532
2.521151,61,13724.301645,0.5821510297482837,2.5821510297482835,2,610
0.181558,57,13745.965848,0.2381578947368421,0.2381578947368421,0,566
0.315971,59,13769.030863,0.3747711670480549,0.3747711670480549,0,588
0.273465,58,13790.238227,0.33146453089244854,0.33146453089244854,0,580
0.213033,54,13810.986354,0.26613272311212816,0.26613272311212816,0,531
0.162019,55,13831.462454,0.2164187643020595,0.2164187643020595,0,544
2.60613,70,13858.747166,0.6760297482837528,2.676029748283753,2,699
1.419231,71,13885.133926,0.48993135011441646,1.4899313501144165,1,707
0.151309,57,13913.633474,0.2076086956521739,0.2076086956521739,0,563
0.159216,55,13934.025629,0.21361556064073225,0.21361556064073225,0,544
0.327652,68,13960.223366,0.39565217391304347,0.39565217391304347,0,680
0.338695,57,13982.349282,0.39519450800915334,0.39519450800915334,0,565
0.207628,55,14003.675069,0.26212814645308924,0.26212814645308924,0,545
0.163285,61,14026.584724,0.22408466819221967,0.22408466819221967,0,608
0.205849,62,14051.219799,0.2678489702517162,0.2678489702517162,0,620
0.294285,55,14071.786193,0.34908466819221967,0.34908466819221967,0,548
0.24499,59,14094.16746,0.30348970251716245,0.30348970251716245,0,585
0.203546,62,14123.227646,0.2654462242562929,0.2654462242562929,0,619
1.454087,72,14149.571122,0.5260869565217391,1.526086956521739,1,720
0.19927,62,14173.277794,0.2612700228832952,0.2612700228832952,0,620
0.164084,60,14194.747372,0.2232837528604119,0.2232837528604119,0,592
0.053736,53,14212.979056,0.10623569794050343,0.10623569794050343,0,525
0.306725,65,14237.922662,0.3716247139588101,0.3716247139588101,0,649
0.262012,61,14260.660806,0.3227116704805492,0.3227116704805492,0,607
0.173034,57,14283.127685,0.22963386727688787,0.22963386727688787,0,566
0.345632,57,14309.30231,0.4026315789473684,0.4026315789473684,0,570
2.715128,72,14338.570398,0.7871281464530893,2.7871281464530893,2,720
0.276265,56,14357.782099,0.3322654462242563,0.3322654462242563,0,560
0.093341,56,14377.835434,0.14874141876430205,0.14874141876430205,0,554
0.101331,51,14396.304277,0.15223112128146454,0.15223112128146454,0,509
0.070697,52,14415.194317,0.12259725400457666,0.12259725400457666,0,519
0.203246,63,14439.563156,0.2654462242562929,0.2654462242562929,0,622
0.185567,61,14461.900173,0.2461670480549199,0.2461670480549199,0,606
0.335735,58,14483.388046,0.3935354691075515,0.3935354691075515,0,578
0.059944,54,14509.403791,0.11384439359267734,0.11384439359267734,0,539
0.066757,58,14530.527391,0.12465675057208238,0.12465675057208238,0,579
2.526475,64,14556.762536,0.5902745995423341,2.590274599542334,2,638
0.154487,72,14584.052521,0.226487414187643,0.226487414187643,0,720
0.262051,58,14606.701522,0.3198512585812357,0.3198512585812357,0,578
0.040821,53,14625.883541,0.09302059496567505,0.09302059496567505,0,522
0.316386,59,14647.408608,0.37488558352402745,0.37488558352402745,0,585
0.214957,72,14676.768149,0.28695652173913044,0.28695652173913044,0,720
0.40194,58,14703.568901,0.45983981693363846,0.45983981693363846,0,579
0.189108,55,14723.104694,0.2441075514874142,0.2441075514874142,0,550
0.210733,56,14742.629581,0.26653318077803206,0.26653318077803206,0,558
0.331116,58,14763.908169,0.3890160183066362,0.3890160183066362,0,579
0.20277,59,14785.356781,0.26167048054919906,0.26167048054919906,0,589
0.317729,58,14806.903996,0.37562929061784894,0.37562929061784894,0,579
0.312225,60,14829.478308,0.3716247139588101,0.3716247139588101,0,594
0.237508,57,14849.398836,0.2941075514874142,0.2941075514874142,0,566
0.185446,55,14871.770961,0.240045766590389,0.240045766590389,0,546
1.350597,72,14906.214453,0.42259725400457665,1.4225972540045766,1,720
0.323667,61,14927.873566,0.38386727688787187,0.38386727688787187,0,602
0.227609,56,14948.446526,0.2830091533180778,0.2830091533180778,0,554
2.563126,72,14975.208247,0.6351258581235698,2.63512585812357,2,720
0.166821,52,14995.491445,0.21802059496567505,0.21802059496567505,0,512
0.168388,59,15017.712841,0.22688787185354692,0.22688787185354692,0,585
0.170083,53,15037.263693,0.222883295194508,0.222883295194508,0,528
1.408842,53,15058.206475,0.4618421052631579,1.4618421052631578,1,530
0.138336,56,15079.222428,0.19433638443935927,0.19433638443935927,0,560
0.265896,56,15107.441248,0.32179633867276886,0.32179633867276886,0,559
2.552294,55,15130.881408,0.6070938215102974,2.6070938215102974,2,548
1.518474,60,15151.908208,0.5775743707093821,1.5775743707093821,1,591
0.305956,56,15175.113046,0.36155606407322655,0.36155606407322655,0,556
0.250694,57,15199.408554,0.30709382151029746,0.30709382151029746,0,564
1.328157,60,15224.155822,0.38735697940503433,1.3873569794050344,1,592
0.168041,56,15244.809471,0.22334096109839818,0.22334096109839818,0,553
0.332758,69,15273.239316,0.40085812356979406,0.40085812356979406,0,681
0.208672,55,15295.448768,0.26327231121281464,0.26327231121281464,0,546
