#{"t_start": 1779027332.5791233, "env_id": "None"}
r,l,t,profile,damage_pct,score,stars,ticks_elapsed
0.204283,56,28.413449,hard,0.2597826086956522,0.2597826086956522,0,555
0.335331,55,47.573732,hard,0.3899313501144165,0.3899313501144165,0,546
0.188949,55,65.878384,hard,0.24324942791762014,0.24324942791762014,0,543
0.131184,55,84.595742,hard,0.18598398169336383,0.18598398169336383,0,548
0.198674,54,102.268991,hard,0.25257437070938216,0.25257437070938216,0,539
0.188469,72,126.41941,hard,0.2604691075514874,0.2604691075514874,0,720
0.197794,72,151.204073,hard,0.26979405034324944,0.26979405034324944,0,720
0.221946,56,171.305836,hard,0.2773455377574371,0.2773455377574371,0,554
0.282127,55,197.665151,hard,0.3363272311212815,0.3363272311212815,0,542
0.177654,57,216.681682,hard,0.2345537757437071,0.2345537757437071,0,569
0.250795,58,236.19946,hard,0.30829519450800913,0.30829519450800913,0,575
0.191968,55,253.90946,hard,0.2465675057208238,0.2465675057208238,0,546
1.397473,54,272.74087,hard,0.4513729977116705,1.4513729977116705,1,539
0.29085,66,296.603543,hard,0.3559496567505721,0.3559496567505721,0,651
1.335965,59,316.921595,hard,0.39456521739130435,1.3945652173913043,1,586
0.193314,56,335.731997,hard,0.24931350114416476,0.24931350114416476,0,560
0.087376,55,354.580225,hard,0.14147597254004576,0.14147597254004576,0,541
0.112857,63,381.311876,hard,0.17505720823798626,0.17505720823798626,0,622
0.237809,58,401.525289,hard,0.29530892448512586,0.29530892448512586,0,575
0.183043,55,419.736245,hard,0.2372425629290618,0.2372425629290618,0,542
0.244987,57,439.088851,hard,0.3010869565217391,0.3010869565217391,0,561
0.240783,58,459.093141,hard,0.297883295194508,0.297883295194508,0,571
0.072148,58,480.284649,hard,0.1297482837528604,0.1297482837528604,0,576
0.258502,56,499.236047,hard,0.3139016018306636,0.3139016018306636,0,554
0.067166,54,517.750776,hard,0.12036613272311213,0.12036613272311213,0,532
0.172846,55,537.356609,hard,0.22734553775743707,0.22734553775743707,0,545
0.323337,59,560.038882,hard,0.3820366132723112,0.3820366132723112,0,587
0.240568,57,578.967068,hard,0.29736842105263156,0.29736842105263156,0,568
0.160818,55,598.072732,hard,0.2156178489702517,0.2156178489702517,0,548
2.500341,61,618.037504,hard,0.5606407322654462,2.5606407322654463,2,603
0.257506,60,638.674926,hard,0.31750572082379863,0.31750572082379863,0,600
0.282943,68,662.116155,hard,0.3503432494279176,0.3503432494279176,0,674
0.416272,72,687.489394,hard,0.48827231121281467,0.48827231121281467,0,720
0.248642,64,709.900825,hard,0.3118421052631579,0.3118421052631579,0,632
0.196759,55,731.414113,hard,0.25125858123569794,0.25125858123569794,0,545
0.27175,72,756.092133,hard,0.34364988558352405,0.34364988558352405,0,719
0.162921,56,775.147982,hard,0.21842105263157896,0.21842105263157896,0,555
0.043908,51,793.14155,hard,0.09490846681922196,0.09490846681922196,0,510
0.128782,56,812.325176,hard,0.1839816933638444,0.1839816933638444,0,552
0.174674,53,830.723725,hard,0.22757437070938216,0.22757437070938216,0,529
0.248491,57,851.308816,hard,0.3046910755148741,0.3046910755148741,0,562
0.246374,57,870.890733,hard,0.30257437070938215,0.30257437070938215,0,562
0.145958,55,888.926948,hard,0.20085812356979404,0.20085812356979404,0,549
0.22943,72,916.387152,hard,0.30143020594965675,0.30143020594965675,0,720
0.183942,53,933.796245,hard,0.236441647597254,0.236441647597254,0,525
0.204389,61,954.67658,hard,0.2653890160183066,0.2653890160183066,0,610
0.216237,54,972.869902,hard,0.27013729977116707,0.27013729977116707,0,539
0.317272,59,993.66353,hard,0.3755720823798627,0.3755720823798627,0,583
0.234405,58,1013.628133,hard,0.29170480549199085,0.29170480549199085,0,573
0.185805,56,1032.894747,hard,0.24170480549199086,0.24170480549199086,0,559
0.148929,64,1055.168789,hard,0.212929061784897,0.212929061784897,0,640
0.07656,52,1072.65307,hard,0.1278604118993135,0.1278604118993135,0,513
0.186805,56,1094.038917,hard,0.24210526315789474,0.24210526315789474,0,553
0.082756,54,1112.004038,hard,0.13655606407322654,0.13655606407322654,0,538
0.141001,61,1132.362846,hard,0.20120137299771168,0.20120137299771168,0,602
0.276328,61,1152.764122,hard,0.33672768878718534,0.33672768878718534,0,604
0.390313,59,1172.237846,hard,0.448512585812357,0.448512585812357,0,582
0.286855,62,1193.418494,hard,0.3480549199084668,0.3480549199084668,0,612
0.249776,55,1212.343868,hard,0.3041762013729977,0.3041762013729977,0,544
0.182543,55,1231.634487,hard,0.2372425629290618,0.2372425629290618,0,547
0.224765,57,1251.380749,hard,0.2814645308924485,0.2814645308924485,0,567
0.076564,55,1272.358019,hard,0.13066361556064074,0.13066361556064074,0,541
0.155454,55,1291.486761,hard,0.2095537757437071,0.2095537757437071,0,541
0.119615,56,1310.649001,hard,0.17551487414187644,0.17551487414187644,0,559
0.092697,55,1330.15213,hard,0.14719679633867278,0.14719679633867278,0,545
0.343616,58,1350.403005,hard,0.40131578947368424,0.40131578947368424,0,577
0.142188,72,1376.386428,hard,0.21418764302059495,0.21418764302059495,0,720
0.184044,55,1395.993225,hard,0.23844393592677346,0.23844393592677346,0,544
2.458576,59,1416.807564,hard,0.5168764302059496,2.51687643020595,2,583
0.180701,58,1437.128986,hard,0.23810068649885582,0.23810068649885582,0,574
0.283033,59,1459.44389,hard,0.34113272311212817,0.34113272311212817,0,581
0.032305,60,1480.438028,hard,0.09170480549199085,0.09170480549199085,0,594
0.224009,59,1500.150533,hard,0.2830091533180778,0.2830091533180778,0,590
0.230153,54,1519.490345,hard,0.2837528604118993,0.2837528604118993,0,536
0.287434,55,1538.244974,hard,0.34233409610983984,0.34233409610983984,0,549
0.240522,54,1556.664111,hard,0.29422196796338673,0.29422196796338673,0,537
0.1594,54,1575.790287,hard,0.21270022883295195,0.21270022883295195,0,533
0.236458,65,1597.904537,hard,0.300858123569794,0.300858123569794,0,644
0.366828,58,1617.818636,hard,0.4244279176201373,0.4244279176201373,0,576
0.103751,54,1638.094181,hard,0.15715102974828377,0.15715102974828377,0,534
2.625769,72,1662.652221,hard,0.6977688787185354,2.697768878718535,2,720
0.240883,57,1680.265286,hard,0.2974828375286041,0.2974828375286041,0,566
0.164022,55,1699.107418,hard,0.21882151029748284,0.21882151029748284,0,548
0.075319,54,1717.569533,hard,0.12871853546910755,0.12871853546910755,0,534
0.274065,58,1737.755765,hard,0.33146453089244854,0.33146453089244854,0,574
0.343888,59,1758.121416,hard,0.4022883295194508,0.4022883295194508,0,584
0.336866,71,1782.286804,hard,0.40766590389016016,0.40766590389016016,0,708
0.119215,57,1803.633536,hard,0.17591533180778032,0.17591533180778032,0,567
0.147407,71,1827.888484,hard,0.21830663615560641,0.21830663615560641,0,709
0.184843,54,1846.522774,hard,0.23804347826086958,0.23804347826086958,0,532
2.509447,70,1870.059489,hard,0.5789473684210527,2.5789473684210527,2,695
0.035818,55,1888.45547,hard,0.09061784897025171,0.09061784897025171,0,548
0.155295,53,1906.700919,hard,0.20789473684210527,0.20789473684210527,0,526
0.205082,55,1925.063071,hard,0.25938215102974826,0.25938215102974826,0,543
0.312325,60,1946.043062,hard,0.37202517162471394,0.37202517162471394,0,597
0.297479,72,1970.728771,hard,0.3688787185354691,0.3688787185354691,0,714
0.160016,54,1990.732985,hard,0.21361556064073225,0.21361556064073225,0,536
0.343332,72,2016.032827,hard,0.41533180778032036,0.41533180778032036,0,720
0.160317,55,2034.26264,hard,0.21481693363844392,0.21481693363844392,0,545
1.445898,53,2051.30488,hard,0.49799771167048057,1.4979977116704806,1,521
0.164323,57,2069.401362,hard,0.2204233409610984,0.2204233409610984,0,561
0.062752,58,2088.54712,hard,0.12065217391304348,0.12065217391304348,0,579
0.108558,55,2108.344239,hard,0.163558352402746,0.163558352402746,0,550
0.195782,64,2131.674059,hard,0.2589816933638444,0.2589816933638444,0,632
0.207132,59,2154.199987,hard,0.26533180778032034,0.26533180778032034,0,582
2.525808,57,2174.006106,hard,0.58220823798627,2.58220823798627,2,564
0.174533,55,2192.89762,hard,0.2288329519450801,0.2288329519450801,0,543
0.1476,53,2211.328285,hard,0.2004004576659039,0.2004004576659039,0,528
2.497017,56,2231.137468,hard,0.552116704805492,2.552116704805492,2,551
0.171145,56,2250.163733,hard,0.2269450800915332,0.2269450800915332,0,558
2.622735,70,2274.098636,hard,0.6927345537757437,2.6927345537757437,2,700
0.217354,55,2293.174101,hard,0.27185354691075514,0.27185354691075514,0,545
0.113735,54,2311.753951,hard,0.1677345537757437,0.1677345537757437,0,540
0.189178,67,2337.103463,hard,0.2553775743707094,0.2553775743707094,0,662
0.141004,63,2359.033304,hard,0.2032036613272311,0.2032036613272311,0,622
1.416316,60,2380.404001,hard,0.4763157894736842,1.4763157894736842,1,600
0.34481,52,2397.937707,hard,0.3965102974828375,0.3965102974828375,0,517
0.090077,53,2415.494426,hard,0.14267734553775743,0.14267734553775743,0,526
0.179338,55,2432.485655,hard,0.23363844393592678,0.23363844393592678,0,543
0.082289,58,2451.9456,hard,0.13998855835240276,0.13998855835240276,0,577
0.253943,59,2472.158939,hard,0.3122425629290618,0.3122425629290618,0,583
0.148514,64,2493.7502,hard,0.2120137299771167,0.2120137299771167,0,635
0.144497,53,2513.592257,hard,0.19719679633867276,0.19719679633867276,0,527
0.280471,57,2532.794329,hard,0.3374713958810069,0.3374713958810069,0,570
0.099391,55,2551.658901,hard,0.15429061784897025,0.15429061784897025,0,549
0.137491,55,2570.821957,hard,0.1923913043478261,0.1923913043478261,0,549
0.280454,68,2594.068722,hard,0.3476544622425629,0.3476544622425629,0,672
0.186044,53,2611.648963,hard,0.23884439359267734,0.23884439359267734,0,528
-0.004843,55,2628.540574,hard,0.04965675057208238,0.04965675057208238,0,545
0.232727,67,2651.284244,hard,0.2990274599542334,0.2990274599542334,0,663
0.165771,59,2671.942214,hard,0.22437070938215103,0.22437070938215103,0,586
0.314729,61,2695.75887,hard,0.3752288329519451,0.3752288329519451,0,605
0.26541,57,2715.198082,hard,0.32151029748283755,0.32151029748283755,0,561
0.353652,55,2733.505512,hard,0.40835240274599544,0.40835240274599544,0,547
0.17413,53,2751.494025,hard,0.22643020594965674,0.22643020594965674,0,523
2.577943,72,2776.13757,hard,0.6499427917620137,2.6499427917620135,2,720
0.311964,57,2795.982429,hard,0.36836384439359265,0.36836384439359265,0,564
0.115366,55,2814.402591,hard,0.16996567505720825,0.16996567505720825,0,546
0.18416,56,2833.131641,hard,0.23975972540045767,0.23975972540045767,0,556
0.181799,56,2852.86751,hard,0.23689931350114415,0.23689931350114415,0,551
0.281815,56,2873.260076,hard,0.33781464530892447,0.33781464530892447,0,560
0.115909,55,2892.418719,hard,0.17070938215102974,0.17070938215102974,0,548
0.319814,55,2911.686252,hard,0.37471395881006864,0.37471395881006864,0,549
0.241928,58,2931.428946,hard,0.2994279176201373,0.2994279176201373,0,575
0.139794,55,2949.876695,hard,0.19439359267734554,0.19439359267734554,0,546
0.289783,59,2971.432233,hard,0.347883295194508,0.347883295194508,0,581
0.162919,54,2990.150517,hard,0.21681922196796338,0.21681922196796338,0,539
0.211989,53,3008.169927,hard,0.26498855835240276,0.26498855835240276,0,530
0.162439,72,3033.158223,hard,0.23443935926773454,0.23443935926773454,0,720
0.282412,54,3052.902127,hard,0.33581235697940504,0.33581235697940504,0,534
0.219004,60,3073.796925,hard,0.2782036613272311,0.2782036613272311,0,592
1.280544,58,3093.816668,hard,0.33844393592677346,1.3384439359267735,1,579
0.137108,70,3117.56019,hard,0.20680778032036612,0.20680778032036612,0,697
0.096886,54,3136.628363,hard,0.15028604118993136,0.15028604118993136,0,534
0.195471,54,3155.942677,hard,0.24937070938215103,0.24937070938215103,0,539
2.678973,72,3181.054237,hard,0.7509725400457666,2.7509725400457667,2,720
0.213337,57,3200.166448,hard,0.26973684210526316,0.26973684210526316,0,564
0.130624,53,3221.025243,hard,0.18352402745995422,0.18352402745995422,0,529
0.414639,70,3245.807511,hard,0.48403890160183066,0.48403890160183066,0,694
0.251993,55,3265.299901,hard,0.3062929061784897,0.3062929061784897,0,543
0.171229,55,3283.807115,hard,0.22562929061784898,0.22562929061784898,0,544
1.389719,52,3301.059586,hard,0.4414187643020595,1.4414187643020595,1,517
0.127479,55,3320.122201,hard,0.18197940503432494,0.18197940503432494,0,545
0.261722,58,3341.009625,hard,0.3196224256292906,0.3196224256292906,0,579
0.13734,61,3361.95183,hard,0.1975400457665904,0.1975400457665904,0,602
0.215114,60,3382.390166,hard,0.27511441647597257,0.27511441647597257,0,600
2.482448,60,3404.638917,hard,0.5416475972540046,2.5416475972540047,2,592
1.475263,55,3422.799086,hard,0.5302631578947369,1.530263157894737,1,550
0.34699,70,3445.952546,hard,0.4165903890160183,0.4165903890160183,0,696
0.266214,59,3466.211663,hard,0.32431350114416474,0.32431350114416474,0,581
0.072944,53,3484.674224,hard,0.12574370709382152,0.12574370709382152,0,528
0.180238,53,3503.873896,hard,0.23323798627002287,0.23323798627002287,0,530
0.151321,55,3523.552217,hard,0.205720823798627,0.205720823798627,0,544
0.244774,58,3542.932801,hard,0.30217391304347824,0.30217391304347824,0,574
0.168925,53,3559.055114,hard,0.22162471395881006,0.22162471395881006,0,527
0.209046,57,3581.322235,hard,0.2654462242562929,0.2654462242562929,0,564
0.19982,56,3600.767691,hard,0.25532036613272313,0.25532036613272313,0,555
0.256085,57,3619.913361,hard,0.3121853546910755,0.3121853546910755,0,561
0.291458,59,3640.094023,hard,0.35045766590389016,0.35045766590389016,0,590
0.323519,69,3664.869946,hard,0.39181922196796337,0.39181922196796337,0,683
0.276423,57,3685.341346,hard,0.3327231121281464,0.3327231121281464,0,563
0.14186,61,3706.391395,hard,0.20245995423340962,0.20245995423340962,0,606
1.414409,57,3725.79878,hard,0.47070938215102975,1.4707093821510298,1,563
0.271402,56,3744.128377,hard,0.32700228832951944,0.32700228832951944,0,556
0.384909,61,3766.592016,hard,0.44570938215102973,0.44570938215102973,0,608
0.321432,57,3785.874743,hard,0.37763157894736843,0.37763157894736843,0,562
0.275526,72,3810.810434,hard,0.3474256292906179,0.3474256292906179,0,719
0.24459,72,3835.988933,hard,0.3165903890160183,0.3165903890160183,0,720
0.147802,54,3854.731935,hard,0.20160183066361556,0.20160183066361556,0,538
0.156856,55,3873.656026,hard,0.21115560640732264,0.21115560640732264,0,543
0.230397,55,3892.688812,hard,0.28449656750572083,0.28449656750572083,0,541
0.089176,52,3910.715689,hard,0.14107551487414188,0.14107551487414188,0,519
0.188147,53,3930.565983,hard,0.2408466819221968,0.2408466819221968,0,527
0.245334,72,3953.950928,hard,0.3173340961098398,0.3173340961098398,0,720
1.380857,57,3973.889946,hard,0.4369565217391304,1.4369565217391305,1,561
0.143398,55,3992.755323,hard,0.19799771167048055,0.19799771167048055,0,546
2.589386,62,4013.234592,hard,0.6506864988558353,2.650686498855835,2,613
0.169973,57,4031.650511,hard,0.22677345537757437,0.22677345537757437,0,568
0.329885,58,4051.448075,hard,0.3871853546910755,0.3871853546910755,0,573
0.158013,54,4069.336048,hard,0.21161327231121282,0.21161327231121282,0,536
1.473423,59,4089.60219,hard,0.5323226544622426,1.5323226544622426,1,589
0.224916,65,4114.629924,hard,0.28941647597254005,0.28941647597254005,0,645
0.139593,54,4133.255775,hard,0.19359267734553776,0.19359267734553776,0,540
1.406375,72,4158.157274,hard,0.47837528604118995,1.47837528604119,1,720
0.223305,57,4177.767371,hard,0.2798054919908467,0.2798054919908467,0,565
0.135389,55,4195.835106,hard,0.19038901601830663,0.19038901601830663,0,550
0.172337,61,4216.872853,hard,0.2324370709382151,0.2324370709382151,0,601
0.254755,56,4236.961328,hard,0.3103546910755149,0.3103546910755149,0,556
0.081171,57,4255.879981,hard,0.13747139588100687,0.13747139588100687,0,563
1.335525,62,4278.892032,hard,0.39702517162471396,1.397025171624714,1,615
0.151507,55,4297.278791,hard,0.20640732265446224,0.20640732265446224,0,549
1.444917,58,4317.225343,hard,0.5025171624713959,1.502517162471396,1,576
0.203981,55,4335.508796,hard,0.2581807780320366,0.2581807780320366,0,542
0.264095,57,4354.791466,hard,0.3205949656750572,0.3205949656750572,0,565
0.225912,60,4375.021101,hard,0.28541189931350114,0.28541189931350114,0,595
0.186202,54,4394.183623,hard,0.2393020594965675,0.2393020594965675,0,531
0.098594,59,4414.612772,hard,0.1570938215102975,0.1570938215102975,0,585
0.178543,60,4434.291739,hard,0.23804347826086958,0.23804347826086958,0,595
2.487254,61,4457.349783,hard,0.547654462242563,2.547654462242563,2,604
2.608443,55,4476.957284,hard,0.6630434782608695,2.6630434782608696,2,546
0.155725,54,4494.940915,hard,0.209324942791762,0.209324942791762,0,536
0.344476,72,4519.245104,hard,0.41647597254004576,0.41647597254004576,0,720
0.24137,58,4538.777146,hard,0.29897025171624714,0.29897025171624714,0,576
0.30135,55,4557.832561,hard,0.3559496567505721,0.3559496567505721,0,546
0.111117,55,4575.428701,hard,0.16521739130434782,0.16521739130434782,0,541
0.283231,57,4593.904387,hard,0.3395308924485126,0.3395308924485126,0,563
0.215304,64,4616.520093,hard,0.27860411899313503,0.27860411899313503,0,633
0.149224,72,4642.735037,hard,0.22122425629290618,0.22122425629290618,0,720
1.417384,57,4661.238712,hard,0.47368421052631576,1.4736842105263157,1,563
0.104039,56,4678.857111,hard,0.15943935926773456,0.15943935926773456,0,554
0.204185,58,4697.266363,hard,0.2617848970251716,0.2617848970251716,0,576
0.230983,67,4720.063561,hard,0.2974828375286041,0.2974828375286041,0,665
0.201782,58,4739.952104,hard,0.2589816933638444,0.2589816933638444,0,572
0.16528,55,4758.874586,hard,0.21967963386727687,0.21967963386727687,0,544
0.345558,55,4778.033834,hard,0.40045766590389015,0.40045766590389015,0,549
0.275426,61,4798.914232,hard,0.3355263157894737,0.3355263157894737,0,601
0.281629,56,4819.547925,hard,0.33752860411899316,0.33752860411899316,0,559
0.139293,55,4838.094837,hard,0.19359267734553776,0.19359267734553776,0,543
0.235261,56,4856.503631,hard,0.29096109839816936,0.29096109839816936,0,557
0.104535,52,4874.144687,hard,0.15583524027459955,0.15583524027459955,0,513
1.334359,55,4892.471813,hard,0.38935926773455376,1.3893592677345539,1,550
2.492626,68,4915.44472,hard,0.5605263157894737,2.5605263157894735,2,679
0.339221,67,4939.142774,hard,0.405720823798627,0.405720823798627,0,665
0.15065,56,4958.285062,hard,0.20635011441647597,0.20635011441647597,0,557
0.29294,55,4979.065577,hard,0.3471395881006865,0.3471395881006865,0,542
0.252642,60,4999.902041,hard,0.3118421052631579,0.3118421052631579,0,592
0.086032,55,5018.940613,hard,0.14073226544622425,0.14073226544622425,0,547
0.252793,54,5037.253789,hard,0.3066933638443936,0.3066933638443936,0,539
0.126277,54,5055.758331,hard,0.17997711670480548,0.17997711670480548,0,537
0.178551,54,5073.477926,hard,0.23175057208237987,0.23175057208237987,0,532
0.149017,54,5092.19048,hard,0.202116704805492,0.202116704805492,0,531
0.261591,56,5110.748908,hard,0.3173913043478261,0.3173913043478261,0,558
0.287852,58,5130.356202,hard,0.3452517162471396,0.3452517162471396,0,574
1.413559,51,5147.474542,hard,0.46435926773455377,1.4643592677345538,1,508
0.159633,57,5168.984742,hard,0.21653318077803205,0.21653318077803205,0,569
0.167825,55,5187.889308,hard,0.22202517162471397,0.22202517162471397,0,542
0.193053,53,5205.524794,hard,0.24605263157894736,0.24605263157894736,0,530
0.146,54,5224.079018,hard,0.2,0.2,0,540
0.236871,63,5246.312648,hard,0.29937070938215105,0.29937070938215105,0,625
0.265194,55,5263.490555,hard,0.3197940503432494,0.3197940503432494,0,546
0.254003,62,5284.23974,hard,0.3155034324942792,0.3155034324942792,0,615
0.246593,60,5305.038464,hard,0.3062929061784897,0.3062929061784897,0,597
0.197374,55,5323.485902,hard,0.25217391304347825,0.25217391304347825,0,548
0.276522,55,5344.555004,hard,0.33152173913043476,0.33152173913043476,0,550
0.303754,56,5364.116996,hard,0.3595537757437071,0.3595537757437071,0,558
0.176149,55,5382.809129,hard,0.2305491990846682,0.2305491990846682,0,544
0.175235,56,5401.792572,hard,0.23043478260869565,0.23043478260869565,0,552
0.288835,55,5419.854212,hard,0.3431350114416476,0.3431350114416476,0,543
0.15233,62,5441.552202,hard,0.2137299771167048,0.2137299771167048,0,614
0.309362,58,5460.339214,hard,0.367162471395881,0.367162471395881,0,578
0.275012,61,5481.281685,hard,0.3354118993135011,0.3354118993135011,0,604
0.109249,59,5502.201932,hard,0.16744851258581236,0.16744851258581236,0,582
0.26467,72,5528.903729,hard,0.33667048054919907,0.33667048054919907,0,720
1.35324,69,5552.230501,hard,0.4221395881006865,1.4221395881006864,1,689
1.401393,55,5571.302965,hard,0.4562929061784897,1.4562929061784897,1,549
0.23316,57,5589.767701,hard,0.29016018306636154,0.29016018306636154,0,570
0.177535,54,5608.334753,hard,0.23083524027459953,0.23083524027459953,0,533
0.218185,57,5627.253127,hard,0.27448512585812357,0.27448512585812357,0,563
0.179355,56,5645.912491,hard,0.23535469107551488,0.23535469107551488,0,560
0.271925,63,5667.658183,hard,0.334324942791762,0.334324942791762,0,624
0.203366,55,5688.989337,hard,0.2576659038901602,0.2576659038901602,0,543
0.184159,55,5707.793444,hard,0.23895881006864989,0.23895881006864989,0,548
0.027591,53,5725.983172,hard,0.07969107551487414,0.07969107551487414,0,521
0.260245,55,5745.044634,hard,0.3146453089244851,0.3146453089244851,0,544
0.198721,58,5763.935451,hard,0.2561212814645309,0.2561212814645309,0,574
0.098487,53,5782.414104,hard,0.15148741418764303,0.15148741418764303,0,530
0.189768,70,5806.648925,hard,0.2596681922196796,0.2596681922196796,0,699
0.111947,55,5823.670268,hard,0.1662471395881007,0.1662471395881007,0,543
0.28303,56,5842.166146,hard,0.3383295194508009,0.3383295194508009,0,553
0.197878,58,5864.029655,hard,0.25577803203661326,0.25577803203661326,0,579
1.437727,62,5885.464123,hard,0.4990274599542334,1.4990274599542335,1,613
0.205235,63,5906.870751,hard,0.2681350114416476,0.2681350114416476,0,629
0.239567,57,5927.303163,hard,0.2961670480549199,0.2961670480549199,0,566
0.285551,72,5951.49199,hard,0.35755148741418763,0.35755148741418763,0,720
0.321389,57,5970.523977,hard,0.3776887871853547,0.3776887871853547,0,563
0.268111,54,5988.786601,hard,0.3219107551487414,0.3219107551487414,0,538
0.197273,55,6008.247777,hard,0.2517734553775744,0.2517734553775744,0,545
1.4456,68,6030.497674,hard,0.512700228832952,1.5127002288329519,1,671
2.538163,68,6056.173153,hard,0.6052631578947368,2.6052631578947367,2,671
2.57783,62,6078.123022,hard,0.6391304347826087,2.639130434782609,2,613
1.367449,63,6099.490252,hard,0.4301487414187643,1.4301487414187644,1,627
0.227451,56,6117.872679,hard,0.2825514874141876,0.2825514874141876,0,551
0.228811,56,6137.413647,hard,0.28421052631578947,0.28421052631578947,0,554
0.163037,58,6156.982678,hard,0.22013729977116706,0.22013729977116706,0,571
0.150082,72,6181.082545,hard,0.22208237986270024,0.22208237986270024,0,720
0.265811,57,6200.365344,hard,0.3219107551487414,0.3219107551487414,0,561
0.28944,59,6221.542,hard,0.34754004576659037,0.34754004576659037,0,581
0.137096,72,6246.42579,hard,0.20909610983981694,0.20909610983981694,0,720
0.088638,58,6266.057868,hard,0.14593821510297483,0.14593821510297483,0,573
0.282247,72,6290.517788,hard,0.35354691075514877,0.35354691075514877,0,713
0.05804,53,6309.272776,hard,0.11024027459954233,0.11024027459954233,0,522
0.263907,55,6328.03206,hard,0.3183066361556064,0.3183066361556064,0,544
0.382706,61,6348.806763,hard,0.44290617848970254,0.44290617848970254,0,602
0.314069,59,6369.372556,hard,0.3727688787185355,0.3727688787185355,0,587
0.212153,72,6395.784022,hard,0.2841533180778032,0.2841533180778032,0,720
0.270822,62,6416.678733,hard,0.33192219679633866,0.33192219679633866,0,611
2.453512,70,6440.202736,hard,0.5227116704805492,2.5227116704805495,2,692
2.45649,72,6464.572293,hard,0.5284897025171624,2.528489702517162,2,720
0.10884,52,6482.064034,hard,0.16024027459954232,0.16024027459954232,0,514
1.445684,53,6500.698699,hard,0.4982837528604119,1.4982837528604118,1,526
0.17629,53,6518.859434,hard,0.22848970251716247,0.22848970251716247,0,522
0.19978,58,6538.5068,hard,0.25778032036613274,0.25778032036613274,0,580
0.211293,58,6558.180965,hard,0.2689931350114417,0.2689931350114417,0,577
0.359288,56,6579.646955,hard,0.4145881006864989,0.4145881006864989,0,553
0.238319,54,6597.02358,hard,0.2914187643020595,0.2914187643020595,0,531
0.189663,54,6618.306436,hard,0.24296338672768877,0.24296338672768877,0,533
0.247886,66,6640.170551,hard,0.3129862700228833,0.3129862700228833,0,651
0.151434,66,6663.871076,hard,0.2173340961098398,0.2173340961098398,0,659
1.377413,59,6684.202239,hard,0.4362128146453089,1.4362128146453088,1,588
0.267188,72,6708.61086,hard,0.33918764302059495,0.33918764302059495,0,720
0.207674,58,6728.92089,hard,0.2648741418764302,0.2648741418764302,0,572
1.509418,57,6749.645339,hard,0.5660183066361556,1.5660183066361557,1,566
0.303655,58,6772.47596,hard,0.3607551487414188,0.3607551487414188,0,571
0.363669,60,6796.522282,hard,0.4231693363844394,0.4231693363844394,0,595
0.117563,63,6817.88869,hard,0.17986270022883294,0.17986270022883294,0,623
0.111562,56,6841.10536,hard,0.167162471395881,0.167162471395881,0,556
0.040919,64,6866.436722,hard,0.10451945080091533,0.10451945080091533,0,636
0.222492,58,6886.963382,hard,0.280091533180778,0.280091533180778,0,576
0.185944,53,6907.781343,hard,0.23884439359267734,0.23884439359267734,0,529
0.185545,54,6928.59449,hard,0.23924485125858125,0.23924485125858125,0,537
0.278621,53,6949.606263,hard,0.3311212814645309,0.3311212814645309,0,525
0.13869,53,6969.665422,hard,0.1915903890160183,0.1915903890160183,0,529
0.29609,58,6989.418856,hard,0.35389016018306635,0.35389016018306635,0,578
0.177795,56,7008.951491,hard,0.23329519450800915,0.23329519450800915,0,555
0.16957,55,7028.780483,hard,0.22397025171624713,0.22397025171624713,0,544
0.103393,54,7047.571537,hard,0.15669336384439359,0.15669336384439359,0,533
2.48412,59,7068.253261,hard,0.5426201372997712,2.542620137299771,2,585
2.449682,72,7097.208725,hard,0.5216819221967963,2.5216819221967963,2,720
0.339041,72,7123.849978,hard,0.41104118993135014,0.41104118993135014,0,720
0.23526,55,7147.511506,hard,0.2897597254004577,0.2897597254004577,0,545
0.34205,65,7170.690595,hard,0.40635011441647595,0.40635011441647595,0,643
0.218342,56,7189.043706,hard,0.27414187643020593,0.27414187643020593,0,558
0.102032,51,7206.78131,hard,0.1530320366132723,0.1530320366132723,0,510
0.072058,54,7225.720149,hard,0.12545766590389015,0.12545766590389015,0,534
0.257888,57,7245.415465,hard,0.31458810068649884,0.31458810068649884,0,567
0.181357,56,7264.706243,hard,0.23695652173913043,0.23695652173913043,0,556
2.446074,69,7289.054836,hard,0.5148741418764302,2.5148741418764304,2,688
0.275881,58,7310.759986,hard,0.3331807780320366,0.3331807780320366,0,573
0.350126,60,7332.745116,hard,0.4101258581235698,0.4101258581235698,0,600
0.287246,66,7355.413125,hard,0.35274599542334095,0.35274599542334095,0,655
0.178854,56,7374.74147,hard,0.2345537757437071,0.2345537757437071,0,557
0.155035,64,7397.156708,hard,0.2181350114416476,0.2181350114416476,0,631
0.251997,58,7417.421763,hard,0.3094965675057208,0.3094965675057208,0,575
0.2052,70,7441.674448,hard,0.275,0.275,0,698
0.189466,56,7460.652853,hard,0.24536613272311214,0.24536613272311214,0,559
0.225398,61,7481.918986,hard,0.2856979405034325,0.2856979405034325,0,603
0.214792,53,7502.476872,hard,0.26779176201372995,0.26779176201372995,0,530
0.195059,57,7522.833893,hard,0.2520594965675057,0.2520594965675057,0,570
0.185295,61,7544.589655,hard,0.2459954233409611,0.2459954233409611,0,607
0.390528,59,7564.638513,hard,0.4494279176201373,0.4494279176201373,0,589
0.369165,63,7586.995514,hard,0.4318649885583524,0.4318649885583524,0,627
0.099402,53,7605.974909,hard,0.15160183066361557,0.15160183066361557,0,522
0.39189,62,7629.62935,hard,0.4534897025171625,0.4534897025171625,0,616
0.201078,56,7649.214843,hard,0.25617848970251716,0.25617848970251716,0,551
0.130784,55,7670.913177,hard,0.18558352402745995,0.18558352402745995,0,548
0.392261,62,7700.988532,hard,0.4536613272311213,0.4536613272311213,0,614
0.134673,55,7725.668365,hard,0.1890732265446224,0.1890732265446224,0,544
0.174748,55,7745.650169,hard,0.22934782608695653,0.22934782608695653,0,546
0.186963,56,7763.940565,hard,0.2425629290617849,0.2425629290617849,0,556
0.384465,72,7790.299508,hard,0.45646453089244854,0.45646453089244854,0,720
0.155254,55,7815.463154,hard,0.2095537757437071,0.2095537757437071,0,543
0.103108,55,7840.605255,hard,0.15720823798627,0.15720823798627,0,541
2.594801,69,7866.450399,hard,0.6631006864988558,2.663100686498856,2,683
0.281816,58,7888.978369,hard,0.33941647597254004,0.33941647597254004,0,576
0.178999,58,7909.333017,hard,0.23689931350114415,0.23689931350114415,0,579
0.217395,54,7927.393688,hard,0.2709954233409611,0.2709954233409611,0,536
0.098303,55,7947.185569,hard,0.15280320366132724,0.15280320366132724,0,545
0.083372,55,7965.131231,hard,0.13787185354691076,0.13787185354691076,0,545
1.402969,58,7984.078408,hard,0.4604691075514874,1.4604691075514875,1,575
0.136691,56,8003.325958,hard,0.1919908466819222,0.1919908466819222,0,553
0.162235,56,8023.074993,hard,0.2181350114416476,0.2181350114416476,0,559
0.157187,57,8042.261249,hard,0.2133867276887872,0.2133867276887872,0,562
0.181561,59,8064.892224,hard,0.24056064073226543,0.24056064073226543,0,590
0.108122,62,8086.436784,hard,0.16922196796338673,0.16922196796338673,0,611
0.342404,62,8108.045807,hard,0.40360411899313503,0.40360411899313503,0,612
0.195271,55,8126.754219,hard,0.2497711670480549,0.2497711670480549,0,545
0.271225,64,8147.879245,hard,0.3347254004576659,0.3347254004576659,0,635
0.122514,53,8165.862624,hard,0.17511441647597253,0.17511441647597253,0,526
0.238514,62,8187.446867,hard,0.30011441647597253,0.30011441647597253,0,616
0.303366,55,8206.190503,hard,0.3580663615560641,0.3580663615560641,0,547
0.255497,55,8224.387079,hard,0.3098970251716247,0.3098970251716247,0,544
0.269822,62,8246.708381,hard,0.33152173913043476,0.33152173913043476,0,617
0.183645,56,8266.273769,hard,0.23964530892448513,0.23964530892448513,0,560
0.271249,72,8291.78794,hard,0.34324942791762014,0.34324942791762014,0,720
2.627542,72,8316.338909,hard,0.6995423340961099,2.69954233409611,2,720
0.194355,55,8334.066681,hard,0.24845537757437072,0.24845537757437072,0,541
0.148002,54,8352.592404,hard,0.20160183066361556,0.20160183066361556,0,536
0.079873,59,8372.725739,hard,0.13867276887871854,0.13867276887871854,0,588
0.180695,53,8391.463607,hard,0.23329519450800915,0.23329519450800915,0,526
0.229672,59,8412.053734,hard,0.28787185354691075,0.28787185354691075,0,582
0.185306,58,8434.568866,hard,0.24290617848970253,0.24290617848970253,0,576
0.15487,57,8454.103488,hard,0.2116704805491991,0.2116704805491991,0,568
0.205382,54,8473.0355,hard,0.25938215102974826,0.25938215102974826,0,540
0.205628,57,8492.48017,hard,0.26212814645308924,0.26212814645308924,0,565
0.350488,64,8515.038924,hard,0.41418764302059496,0.41418764302059496,0,637
0.146846,57,8533.101054,hard,0.20314645308924484,0.20314645308924484,0,563
0.028416,61,8554.441491,hard,0.08901601830663615,0.08901601830663615,0,606
1.357496,64,8575.844203,hard,0.421395881006865,1.421395881006865,1,639
0.075705,54,8597.104442,hard,0.1294050343249428,0.1294050343249428,0,537
0.366889,61,8617.947539,hard,0.4276887871853547,0.4276887871853547,0,608
0.207119,72,8643.486079,hard,0.27911899313501143,0.27911899313501143,0,720
0.267255,56,8665.236735,hard,0.3230549199084668,0.3230549199084668,0,558
0.195977,59,8686.341508,hard,0.2545766590389016,0.2545766590389016,0,586
1.434407,72,8711.674206,hard,0.5064073226544622,1.506407322654462,1,720
0.278709,55,8730.106015,hard,0.3330091533180778,0.3330091533180778,0,543
0.355977,62,8751.553263,hard,0.4176773455377574,0.4176773455377574,0,617
0.139808,55,8769.331748,hard,0.1945080091533181,0.1945080091533181,0,547
0.349262,56,8790.394251,hard,0.40446224256292906,0.40446224256292906,0,552
0.144099,56,8809.544957,hard,0.19919908466819222,0.19919908466819222,0,551
0.130781,53,8827.72868,hard,0.1831807780320366,0.1831807780320366,0,524
0.28474,63,8849.710901,hard,0.34754004576659037,0.34754004576659037,0,628
0.128189,63,8871.466602,hard,0.19078947368421054,0.19078947368421054,0,626
0.088818,52,8889.80433,hard,0.14061784897025173,0.14061784897025173,0,518
0.139035,55,8908.0999,hard,0.1931350114416476,0.1931350114416476,0,541
0.271106,60,8929.875201,hard,0.33060640732265445,0.33060640732265445,0,595
0.291757,58,8949.581724,hard,0.3496567505720824,0.3496567505720824,0,579
0.168247,61,8972.949518,hard,0.22894736842105262,0.22894736842105262,0,607
0.200921,55,8990.845628,hard,0.255720823798627,0.255720823798627,0,548
0.278457,59,9011.321596,hard,0.33735697940503434,0.33735697940503434,0,589
0.110702,54,9031.056641,hard,0.16390160183066363,0.16390160183066363,0,532
0.131613,55,9050.703772,hard,0.18621281464530892,0.18621281464530892,0,546
0.11141,72,9076.394698,hard,0.1834096109839817,0.1834096109839817,0,720
0.311249,57,9095.927402,hard,0.36784897025171626,0.36784897025171626,0,566
2.549854,72,9120.865709,hard,0.6218535469107551,2.621853546910755,2,720
0.259646,56,9144.953324,hard,0.31544622425629293,0.31544622425629293,0,558
1.360678,58,9164.05506,hard,0.41847826086956524,1.4184782608695652,1,578
0.203752,67,9187.137231,hard,0.27025171624713956,0.27025171624713956,0,665
0.038823,57,9206.970866,hard,0.09502288329519451,0.09502288329519451,0,562
0.34687,64,9229.27079,hard,0.4108695652173913,0.4108695652173913,0,640
0.380059,72,9255.258817,hard,0.4520594965675057,0.4520594965675057,0,720
0.266619,63,9275.842931,hard,0.3295194508009153,0.3295194508009153,0,629
0.112132,54,9293.890868,hard,0.16533180778032036,0.16533180778032036,0,532
0.257863,72,9320.689957,hard,0.32986270022883296,0.32986270022883296,0,720
0.16484,58,9339.440988,hard,0.22213958810068649,0.22213958810068649,0,573
0.216397,57,9359.564935,hard,0.2725972540045767,0.2725972540045767,0,562
0.287851,57,9379.168279,hard,0.3444508009153318,0.3444508009153318,0,566
0.248293,58,9398.886948,hard,0.3062929061784897,0.3062929061784897,0,580
1.379627,57,9418.072552,hard,0.43632723112128147,1.4363272311212816,1,567
0.182304,59,9438.130264,hard,0.24130434782608695,0.24130434782608695,0,590
0.208585,54,9455.37484,hard,0.2617848970251716,0.2617848970251716,0,532
0.250896,59,9475.317735,hard,0.30909610983981695,0.30909610983981695,0,582
0.070157,55,9496.052637,hard,0.12465675057208238,0.12465675057208238,0,545
1.459808,72,9519.932978,hard,0.5318077803203661,1.5318077803203662,1,720
0.204467,55,9538.386241,hard,0.25886727688787187,0.25886727688787187,0,544
0.015079,55,9556.622902,hard,0.069279176201373,0.069279176201373,0,542
0.040322,54,9575.876996,hard,0.09382151029748284,0.09382151029748284,0,535
0.14562,72,9600.308579,hard,0.21762013729977117,0.21762013729977117,0,720
0.360021,59,9621.062165,hard,0.41842105263157897,0.41842105263157897,0,584
1.289469,59,9640.999664,hard,0.34816933638443937,1.3481693363844394,1,587
0.189152,57,9660.658823,hard,0.2452517162471396,0.2452517162471396,0,561
0.359686,66,9685.20034,hard,0.42568649885583526,0.42568649885583526,0,660
0.229776,62,9706.701611,hard,0.29107551487414185,0.29107551487414185,0,613
0.164421,54,9724.652524,hard,0.21802059496567505,0.21802059496567505,0,536
0.2651,61,9744.955566,hard,0.32540045766590386,0.32540045766590386,0,603
0.36404,59,9764.425277,hard,0.4225400457665904,0.4225400457665904,0,585
0.202281,56,9783.438867,hard,0.2581807780320366,0.2581807780320366,0,559
0.382018,59,9804.433614,hard,0.4406178489702517,0.4406178489702517,0,586
0.313625,59,9824.619212,hard,0.37202517162471394,0.37202517162471394,0,584
0.183085,54,9844.237976,hard,0.23678489702517164,0.23678489702517164,0,537
0.169386,57,9863.438632,hard,0.22568649885583525,0.22568649885583525,0,563
0.095549,60,9883.795689,hard,0.1555491990846682,0.1555491990846682,0,600
0.373453,61,9905.639559,hard,0.4341533180778032,0.4341533180778032,0,607
2.637952,58,9925.577871,hard,0.6952517162471396,2.6952517162471397,2,573
0.369954,53,9943.468673,hard,0.4226544622425629,0.4226544622425629,0,527
0.304661,62,9964.616119,hard,0.3659610983981693,0.3659610983981693,0,613
0.266784,57,9984.247726,hard,0.3232837528604119,0.3232837528604119,0,565
1.451498,60,10004.875909,hard,0.5110983981693363,1.5110983981693362,1,596
0.149449,56,10030.690984,hard,0.2051487414187643,0.2051487414187643,0,557
0.267013,57,10053.340618,hard,0.3239130434782609,0.3239130434782609,0,569
0.140094,55,10075.805286,hard,0.19479405034324943,0.19479405034324943,0,547
0.265342,60,10100.552465,hard,0.32454233409610983,0.32454233409610983,0,592
0.186803,54,10122.214026,hard,0.24050343249427916,0.24050343249427916,0,537
0.273864,58,10145.350955,hard,0.33106407322654463,0.33106407322654463,0,572
0.28383,55,10167.475603,hard,0.33872997711670483,0.33872997711670483,0,549
0.133783,52,10189.06658,hard,0.18518306636155607,0.18518306636155607,0,514
0.153286,72,10216.18505,hard,0.22528604118993134,0.22528604118993134,0,720
0.059744,54,10241.363739,hard,0.11344393592677346,0.11344393592677346,0,537
0.184243,54,10263.065836,hard,0.23804347826086958,0.23804347826086958,0,538
0.342098,56,10285.030582,hard,0.39799771167048054,0.39799771167048054,0,559
0.371255,65,10309.524058,hard,0.4353546910755149,0.4353546910755149,0,641
0.292556,57,10328.89905,hard,0.3488558352402746,0.3488558352402746,0,563
1.466023,67,10351.164873,hard,0.5327231121281465,1.5327231121281466,1,667
0.169687,57,10371.406122,hard,0.226487414187643,0.226487414187643,0,568
0.31827,56,10390.775589,hard,0.37397025171624715,0.37397025171624715,0,557
0.201822,56,10408.853902,hard,0.25692219679633865,0.25692219679633865,0,551
2.570334,72,10435.662969,hard,0.6423340961098398,2.64233409610984,2,720
0.154628,58,10456.298948,hard,0.21172768878718534,0.21172768878718534,0,571
0.166823,54,10475.207922,hard,0.2200228832951945,0.2200228832951945,0,532
0.067482,67,10498.363195,hard,0.13398169336384438,0.13398169336384438,0,665
0.052134,53,10515.980847,hard,0.10463386727688787,0.10463386727688787,0,525
0.115909,55,10533.754723,hard,0.17030892448512586,0.17030892448512586,0,544
0.100904,53,10551.478892,hard,0.153604118993135,0.153604118993135,0,527
0.311066,72,10575.325897,hard,0.38306636155606405,0.38306636155606405,0,720
0.200165,57,10596.881447,hard,0.25646453089244853,0.25646453089244853,0,563
0.112546,53,10616.444895,hard,0.16504576659038903,0.16504576659038903,0,525
0.242981,66,10639.580398,hard,0.30818077803203664,0.30818077803203664,0,652
2.570151,63,10660.557435,hard,0.6325514874141877,2.6325514874141875,2,624
1.417188,72,10683.660761,hard,0.489187643020595,1.489187643020595,1,720
0.264812,58,10703.604114,hard,0.3227116704805492,0.3227116704805492,0,579
0.348868,61,10724.328328,hard,0.40926773455377574,0.40926773455377574,0,604
0.180963,62,10745.387644,hard,0.24296338672768877,0.24296338672768877,0,620
0.052135,54,10764.25313,hard,0.10543478260869565,0.10543478260869565,0,533
0.054435,51,10784.303921,hard,0.10543478260869565,0.10543478260869565,0,510
0.255408,65,10806.64091,hard,0.31950800915331806,0.31950800915331806,0,641
2.567531,72,10831.026872,hard,0.6395308924485126,2.6395308924485126,2,720
2.515841,58,10850.957466,hard,0.5729405034324943,2.5729405034324944,2,571
0.252703,63,10871.952812,hard,0.3155034324942792,0.3155034324942792,0,628
0.296231,56,10890.069592,hard,0.35183066361556065,0.35183066361556065,0,556
0.115409,55,10908.718772,hard,0.17030892448512586,0.17030892448512586,0,549
0.175992,55,10927.379632,hard,0.23009153318077802,0.23009153318077802,0,541
0.31593,61,10949.732713,hard,0.37643020594965676,0.37643020594965676,0,605
0.300462,54,10970.80766,hard,0.35406178489702517,0.35406178489702517,0,536
0.323633,68,11002.178971,hard,0.39113272311212816,0.39113272311212816,0,675
0.229695,54,11026.484233,hard,0.28289473684210525,0.28289473684210525,0,532
0.183142,54,11051.27603,hard,0.236441647597254,0.236441647597254,0,533
0.306421,62,11080.295884,hard,0.3684210526315789,0.3684210526315789,0,620
1.400146,53,11103.591005,hard,0.45314645308924484,1.4531464530892448,1,530
0.082633,59,11132.451649,hard,0.14113272311212816,0.14113272311212816,0,585
0.278309,55,11154.089068,hard,0.3330091533180778,0.3330091533180778,0,547
2.646276,71,11180.767019,hard,0.7164759725400458,2.716475972540046,2,702
0.33578,72,11206.408552,hard,0.4077803203661327,0.4077803203661327,0,720
0.274739,72,11232.631557,hard,0.3467391304347826,0.3467391304347826,0,720
0.179313,58,11252.052246,hard,0.23661327231121282,0.23661327231121282,0,573
0.326856,72,11275.786463,hard,0.3988558352402746,0.3988558352402746,0,720
0.201728,61,11296.976577,hard,0.26212814645308924,0.26212814645308924,0,604
0.18995,55,11321.191995,hard,0.24405034324942793,0.24405034324942793,0,541
0.179555,57,11345.59495,hard,0.23575514874141876,0.23575514874141876,0,562
0.261506,57,11375.15004,hard,0.31790617848970254,0.31790617848970254,0,564
0.211832,54,11400.813506,hard,0.26573226544622425,0.26573226544622425,0,539
0.172532,56,11427.715624,hard,0.22763157894736843,0.22763157894736843,0,551
0.20513,59,11455.323119,hard,0.2637299771167048,0.2637299771167048,0,586
0.258359,56,11481.690399,hard,0.3139588100686499,0.3139588100686499,0,556
0.19657,53,11505.962259,hard,0.24897025171624715,0.24897025171624715,0,524
0.165522,54,11530.986978,hard,0.21882151029748284,0.21882151029748284,0,533
0.199359,53,11555.773051,hard,0.2520594965675057,0.2520594965675057,0,527
0.13681,72,11587.50022,hard,0.20881006864988558,0.20881006864988558,0,720
0.069476,72,11622.875695,hard,0.14147597254004576,0.14147597254004576,0,720
1.394819,72,11655.21769,hard,0.4668192219679634,1.4668192219679634,1,720
0.290741,58,11681.896741,hard,0.3483409610983982,0.3483409610983982,0,576
0.17275,59,11708.772193,hard,0.23094965675057208,0.23094965675057208,0,582
1.363295,58,11736.791838,hard,0.4205949656750572,1.4205949656750572,1,573
0.169227,55,11762.070128,hard,0.22362700228832952,0.22362700228832952,0,544
0.214199,60,11789.88504,hard,0.2741990846681922,0.2741990846681922,0,600
0.184707,59,11814.920158,hard,0.2433066361556064,0.2433066361556064,0,586
0.118675,60,11843.496141,hard,0.17797482837528605,0.17797482837528605,0,593
0.27887,58,11870.035894,hard,0.33667048054919907,0.33667048054919907,0,578
0.195154,53,11894.574643,hard,0.24765446224256293,0.24765446224256293,0,525
2.662554,72,11930.319673,hard,0.7345537757437071,2.734553775743707,2,720
0.178537,54,11958.86269,hard,0.2320366132723112,0.2320366132723112,0,535
0.382348,72,11996.879898,hard,0.4543478260869565,0.4543478260869565,0,720
0.354816,60,12027.539656,hard,0.41441647597254005,0.41441647597254005,0,596
0.239386,61,12058.913152,hard,0.29988558352402744,0.29988558352402744,0,605
0.18786,53,12085.006163,hard,0.24016018306636155,0.24016018306636155,0,523
0.130782,54,12119.882904,hard,0.1839816933638444,0.1839816933638444,0,532
0.343407,63,12152.10193,hard,0.4064073226544622,0.4064073226544622,0,630
0.246296,63,12184.656379,hard,0.30909610983981695,0.30909610983981695,0,628
0.234932,56,12213.602119,hard,0.29073226544622427,0.29073226544622427,0,558
0.274739,72,12249.635019,hard,0.3467391304347826,0.3467391304347826,0,720
0.311021,58,12278.548708,hard,0.3684210526315789,0.3684210526315789,0,574
0.112462,67,12309.479354,hard,0.17906178489702518,0.17906178489702518,0,666
0.266652,54,12331.918607,hard,0.3202517162471396,0.3202517162471396,0,536
2.650303,65,12363.248619,hard,0.7151029748283753,2.7151029748283753,2,648
0.218442,56,12389.599639,hard,0.27414187643020593,0.27414187643020593,0,557
0.158373,56,12415.523973,hard,0.21367276887871853,0.21367276887871853,0,553
0.277922,54,12439.978083,hard,0.33152173913043476,0.33152173913043476,0,536
0.187046,53,12465.655869,hard,0.240045766590389,0.240045766590389,0,530
