#{"t_start": 1778888881.565004, "env_id": "None"}
r,l,t,damage_pct,score,stars,ticks_elapsed
2.465271,59,16.901687,0.5236710963455149,2.523671096345515,2,584
2.52687,53,32.912073,0.5790697674418605,2.5790697674418603,2,522
3.9462,54,50.785049,1.0,4.0,3,538
2.63991,62,72.182446,0.7019102990033222,2.7019102990033224,2,620
2.888164,58,92.06523,0.9457641196013289,2.945764119601329,2,576
2.888255,71,115.764751,0.9585548172757475,2.9585548172757474,2,703
2.907983,63,135.559696,0.9701827242524917,2.9701827242524916,2,622
2.641187,63,155.330677,0.7039867109634551,2.703986710963455,2,628
3.9498,51,176.861774,1.0,4.0,3,502
2.592905,61,195.51709,0.6534053156146179,2.653405315614618,2,605
2.889296,72,217.846457,0.9612956810631229,2.961295681063123,2,720
2.821318,64,238.435566,0.8847176079734219,2.884717607973422,2,634
3.9373,63,260.384549,1.0,4.0,3,627
2.819827,57,280.035443,0.876827242524917,2.876827242524917,2,570
2.714051,71,302.970514,0.7845514950166113,2.7845514950166113,2,705
2.873335,62,323.813498,0.9346345514950166,2.9346345514950167,2,613
2.524948,56,347.504506,0.5806478405315615,2.5806478405315616,2,557
3.957,43,360.482862,1.0,4.0,3,430
3.9473,53,377.052453,1.0,4.0,3,527
3.9359,65,397.375178,1.0,4.0,3,641
3.9401,60,415.895897,1.0,4.0,3,599
2.593256,65,436.906398,0.6580564784053156,2.6580564784053156,2,648
2.826972,57,454.812256,0.8834717607973422,2.883471760797342,2,565
2.60134,57,473.624003,0.6581395348837209,2.6581395348837207,2,568
2.736306,72,496.37841,0.8083056478405316,2.8083056478405317,2,720
2.851972,57,520.592223,0.9084717607973422,2.908471760797342,2,565
2.706787,57,538.63368,0.7637873754152824,2.7637873754152826,2,570
3.9461,54,555.343227,1.0,4.0,3,539
3.9414,59,574.618931,1.0,4.0,3,586
2.536193,61,593.994775,0.5970930232558139,2.597093023255814,2,609
3.939,61,613.323326,1.0,4.0,3,610
3.9466,54,630.359922,1.0,4.0,3,534
3.9316,69,653.407659,1.0,4.0,3,684
2.465791,72,684.644336,0.5377906976744186,2.5377906976744184,2,720
2.678508,69,706.988573,0.7475083056478405,2.7475083056478407,2,690
3.9418,59,726.737397,1.0,4.0,3,582
2.904479,57,745.646706,0.9613787375415282,2.961378737541528,2,569
3.9429,58,764.498981,1.0,4.0,3,571
2.653341,55,782.20226,0.707641196013289,2.707641196013289,2,543
3.9285,72,806.945351,1.0,4.0,3,715
2.73913,72,829.833241,0.8111295681063123,2.8111295681063124,2,720
3.9528,48,845.006547,1.0,4.0,3,472
2.907583,63,870.72048,0.9701827242524917,2.9701827242524916,2,626
3.9328,68,894.479908,1.0,4.0,3,672
3.9336,67,916.104637,1.0,4.0,3,664
2.686721,72,939.097898,0.7587209302325582,2.758720930232558,2,720
3.939,61,958.585398,1.0,4.0,3,610
2.672099,59,979.313761,0.7303986710963455,2.7303986710963457,2,583
2.744871,59,998.680832,0.8035714285714286,2.803571428571429,2,587
3.9355,65,1019.732132,1.0,4.0,3,645
2.919231,62,1046.966731,0.9807308970099667,2.9807308970099666,2,615
2.890075,63,1068.389457,0.9525747508305648,2.9525747508305646,2,625
2.634342,59,1089.619812,0.6924418604651162,2.692441860465116,2,581
2.693795,63,1111.320704,0.7563953488372093,2.7563953488372093,2,626
2.620571,58,1132.269735,0.6785714285714286,2.678571428571429,2,580
2.742974,55,1150.565019,0.7976744186046512,2.797674418604651,2,547
3.9349,66,1172.727015,1.0,4.0,3,651
2.58799,65,1195.458113,0.6529900332225914,2.6529900332225913,2,650
3.9458,55,1219.274884,1.0,4.0,3,542
2.782294,60,1240.735342,0.8416943521594684,2.841694352159468,2,594
2.882421,72,1265.008017,0.9538205980066445,2.9538205980066445,2,714
3.9411,59,1285.938748,1.0,4.0,3,589
2.701505,72,1309.158184,0.7735049833887043,2.773504983388704,2,720
2.73082,59,1329.231895,0.7891196013289037,2.7891196013289035,2,583
2.915685,64,1350.960029,0.9794850498338871,2.979485049833887,2,638
3.9399,61,1372.577781,1.0,4.0,3,601
2.543961,63,1397.991735,0.6065614617940199,2.60656146179402,2,626
3.9422,58,1418.591706,1.0,4.0,3,578
3.9475,53,1438.442163,1.0,4.0,3,525
2.792741,60,1459.135569,0.8527408637873755,2.8527408637873757,2,600
2.632509,70,1482.169133,0.7024086378737542,2.702408637873754,2,699
2.472114,59,1502.560621,0.5308139534883721,2.530813953488372,2,587
2.677908,70,1525.995082,0.7475083056478405,2.7475083056478407,2,696
2.604431,57,1546.290316,0.6606312292358804,2.6606312292358805,2,562
3.9472,53,1562.650273,1.0,4.0,3,528
2.687698,58,1588.055353,0.7455980066445183,2.745598006644518,2,579
2.902834,72,1613.350346,0.9748338870431894,2.9748338870431894,2,720
2.777101,63,1636.49804,0.8397009966777409,2.839700996677741,2,626
2.821272,72,1660.519696,0.8932724252491694,2.8932724252491693,2,720
2.923183,72,1685.819479,0.9951827242524917,2.9951827242524915,2,720
2.768282,72,1709.678577,0.8402823920265781,2.840282392026578,2,720
3.9404,60,1729.329068,1.0,4.0,3,596
3.9434,57,1753.581055,1.0,4.0,3,566
2.620055,64,1777.112618,0.6835548172757475,2.6835548172757475,2,635
2.820774,72,1800.027055,0.8927740863787376,2.8927740863787377,2,720
3.934,66,1822.743512,1.0,4.0,3,660
2.718365,72,1848.049998,0.7903654485049834,2.7903654485049834,2,720
3.9293,71,1870.848572,1.0,4.0,3,707
2.900927,71,1893.87748,0.9719269102990034,2.971926910299003,2,710
3.9475,53,1911.469475,1.0,4.0,3,525
2.865755,68,1941.415365,0.9335548172757475,2.9335548172757475,2,678
3.9505,50,1957.262986,1.0,4.0,3,495
2.876888,72,1980.959467,0.9485880398671096,2.9485880398671096,2,717
2.654747,57,1999.743696,0.711046511627907,2.7110465116279068,2,563
2.696156,57,2018.409604,0.753156146179402,2.753156146179402,2,570
2.698598,72,2041.867389,0.7705980066445183,2.7705980066445184,2,720
3.9466,54,2060.662292,1.0,4.0,3,534
3.9435,57,2078.890987,1.0,4.0,3,565
1.387775,70,2107.180439,0.4574750830564784,1.4574750830564784,1,697
2.741266,59,2127.853706,0.8001661129568106,2.8001661129568105,2,589
2.630747,56,2146.523587,0.686046511627907,2.686046511627907,2,553
3.9313,69,2169.26492,1.0,4.0,3,687
2.467591,55,2188.063047,0.5225913621262458,2.5225913621262457,2,550
2.53575,55,2206.615765,0.5899501661129568,2.5899501661129567,2,542
3.9475,53,2225.370559,1.0,4.0,3,525
2.515012,57,2246.140776,0.5715116279069767,2.5715116279069767,2,565
3.949,51,2261.639342,1.0,4.0,3,510
3.9415,59,2288.327287,1.0,4.0,3,585
3.9469,54,2306.545988,1.0,4.0,3,531
3.9371,63,2327.464516,1.0,4.0,3,629
2.522547,64,2349.585979,0.586046511627907,2.5860465116279068,2,635
2.551101,64,2370.449854,0.6147009966777409,2.614700996677741,2,636
2.71932,55,2389.615666,0.7739202657807309,2.773920265780731,2,546
2.604574,64,2410.285347,0.6677740863787376,2.6677740863787376,2,632
2.787115,64,2429.3988,0.8504152823920266,2.8504152823920266,2,633
3.9333,67,2453.328083,1.0,4.0,3,667
2.921376,71,2482.632498,0.9922757475083056,2.9922757475083057,2,709
2.563154,61,2502.363515,0.6237541528239202,2.62375415282392,2,606
3.9497,51,2519.885253,1.0,4.0,3,503
2.612624,71,2544.372118,0.6827242524916943,2.6827242524916945,2,701
2.883166,63,2566.4033,0.9452657807308971,2.945265780730897,2,621
2.589502,60,2585.235471,0.6495016611295681,2.649501661129568,2,600
3.953,47,2599.306004,1.0,4.0,3,470
2.83311,64,2620.275972,0.8970099667774086,2.8970099667774085,2,639
3.9501,50,2642.41384,1.0,4.0,3,499
3.9351,65,2664.881037,1.0,4.0,3,649
3.9421,58,2685.663499,1.0,4.0,3,579
3.9357,65,2707.181635,1.0,4.0,3,643
3.9413,59,2726.454547,1.0,4.0,3,587
2.79598,60,2745.855524,0.8559800664451828,2.855980066445183,2,600
3.9378,63,2766.733891,1.0,4.0,3,622
2.780701,59,2785.000561,0.8397009966777409,2.839700996677741,2,590
3.9473,53,2801.889893,1.0,4.0,3,527
2.720389,63,2830.212398,0.7833887043189369,2.783388704318937,2,630
2.548599,57,2849.509373,0.6053986710963455,2.6053986710963457,2,568
2.733854,60,2871.77538,0.7938538205980067,2.793853820598007,2,600
2.661084,54,2889.181742,0.7147840531561461,2.714784053156146,2,537
3.9361,64,2908.948658,1.0,4.0,3,639
3.9377,63,2929.189126,1.0,4.0,3,623
2.792028,65,2950.453603,0.8567275747508306,2.8567275747508307,2,647
2.851588,72,2975.357343,0.9235880398671097,2.9235880398671097,2,720
2.915625,72,3008.641547,0.987624584717608,2.987624584717608,2,720
3.9504,50,3027.140107,1.0,4.0,3,496
2.613571,65,3049.29443,0.6785714285714286,2.678571428571429,2,650
3.9374,63,3071.866459,1.0,4.0,3,626
2.890588,58,3091.346158,0.9485880398671096,2.9485880398671096,2,580
2.617673,61,3112.493921,0.6780730897009967,2.678073089700997,2,604
2.82476,63,3133.808556,0.8869601328903655,2.8869601328903656,2,622
2.609499,56,3152.361535,0.6651993355481728,2.6651993355481727,2,557
2.691093,61,3177.972477,0.7519933554817275,2.7519933554817273,2,609
2.60933,62,3198.029858,0.6709302325581395,2.6709302325581397,2,616
2.68398,72,3221.119411,0.7559800664451827,2.755980066445183,2,720
2.569099,72,3245.38062,0.6401993355481728,2.6401993355481728,2,711
2.682308,66,3268.933843,0.7475083056478405,2.7475083056478407,2,652
2.474161,58,3288.224531,0.53156146179402,2.53156146179402,2,574
2.70314,60,3308.16683,0.7630398671096346,2.763039867109635,2,599
3.9328,68,3330.152028,1.0,4.0,3,672
3.9523,48,3352.175767,1.0,4.0,3,477
3.9456,55,3371.139701,1.0,4.0,3,544
2.570607,58,3390.757975,0.627906976744186,2.6279069767441863,2,573
2.650259,72,3416.672533,0.7222591362126246,2.7222591362126245,2,720
3.9567,44,3429.606983,1.0,4.0,3,433
2.756976,61,3449.515628,0.8172757475083057,2.8172757475083055,2,603
2.81836,69,3472.473426,0.8869601328903655,2.8869601328903656,2,686
2.903498,72,3499.615466,0.9754983388704319,2.975498338870432,2,720
2.876487,63,3522.133209,0.9387873754152823,2.9387873754152825,2,623
2.926389,62,3550.046686,0.9882890365448505,2.9882890365448507,2,619
3.9438,57,3569.49868,1.0,4.0,3,562
2.644057,54,3588.189886,0.6977574750830565,2.6977574750830566,2,537
3.9441,56,3606.619185,1.0,4.0,3,559
2.510186,55,3625.79502,0.5642857142857143,2.564285714285714,2,541
2.822435,72,3648.635202,0.8944352159468438,2.894435215946844,2,720
3.9483,52,3665.895934,1.0,4.0,3,517
2.571912,60,3686.383018,0.631312292358804,2.631312292358804,2,594
2.686887,72,3716.130767,0.7588870431893687,2.7588870431893686,2,720
2.82405,66,3736.221332,0.8899501661129569,2.889950166112957,2,659
2.614459,58,3754.097736,0.6722591362126246,2.6722591362126247,2,578
3.9445,56,3771.8451,1.0,4.0,3,555
2.879151,71,3797.853421,0.949750830564784,2.949750830564784,2,706
3.9387,62,3819.422405,1.0,4.0,3,613
3.9464,54,3839.546188,1.0,4.0,3,536
2.895276,72,3865.262771,0.9672757475083057,2.967275747508306,2,720
2.859146,72,3895.823718,0.9311461794019934,2.9311461794019933,2,720
2.848681,72,3920.960258,0.9206810631229236,2.920681063122924,2,720
3.947,53,3939.634144,1.0,4.0,3,530
2.918499,67,3962.179507,0.9852990033222592,2.9852990033222593,2,668
3.9452,55,3980.893661,1.0,4.0,3,548
2.703889,65,4000.855489,0.7681893687707642,2.768189368770764,2,643
2.873745,63,4022.758179,0.9365448504983389,2.936544850498339,2,628
2.742258,71,4046.834764,0.8124584717607973,2.8124584717607974,2,702
2.603386,61,4072.827176,0.6642857142857143,2.664285714285714,2,609
2.795774,72,4099.017108,0.8677740863787375,2.8677740863787378,2,720
3.9491,51,4117.499509,1.0,4.0,3,509
2.683066,72,4142.933172,0.7550664451827243,2.7550664451827243,2,720
3.9539,47,4158.249351,1.0,4.0,3,461
3.9501,50,4174.635805,1.0,4.0,3,499
3.9345,66,4197.698446,1.0,4.0,3,655
3.9446,56,4214.859145,1.0,4.0,3,554
2.457699,58,4233.741993,0.5151993355481728,2.5151993355481728,2,575
2.693924,64,4261.064274,0.7577242524916944,2.7577242524916943,2,638
2.549215,72,4285.814323,0.6205149501661129,2.620514950166113,2,713
2.642797,68,4311.718448,0.7107973421926911,2.710797342192691,2,680
2.687908,60,4332.194846,0.7475083056478405,2.7475083056478407,2,596
2.793759,59,4351.26956,0.8521594684385382,2.852159468438538,2,584
3.9347,66,4373.682108,1.0,4.0,3,653
3.9448,56,4392.570869,1.0,4.0,3,552
2.686555,72,4417.008812,0.7585548172757475,2.7585548172757477,2,720
2.656117,64,4446.103027,0.7200166112956811,2.720016611295681,2,639
2.798351,62,4468.316947,0.8595514950166113,2.8595514950166114,2,612
2.907998,68,4492.671019,0.9754983388704319,2.975498338870432,2,675
2.689462,72,4518.606723,0.7614617940199335,2.7614617940199335,2,720
2.824996,72,4544.59795,0.8960963455149502,2.89609634551495,2,711
2.567541,61,4565.133017,0.6277408637873754,2.627740863787375,2,602
2.63501,62,4586.767132,0.6970099667774087,2.697009966777409,2,620
2.888273,60,4606.682265,0.948172757475083,2.948172757475083,2,599
3.9481,52,4630.385089,1.0,4.0,3,519
2.696338,58,4649.800112,0.7537375415282392,2.7537375415282392,2,574
2.74698,59,4669.701455,0.8059800664451827,2.8059800664451826,2,590
2.889485,65,4691.088828,0.954485049833887,2.9544850498338873,2,650
2.710199,55,4712.102755,0.7651993355481728,2.7651993355481728,2,550
2.708528,54,4731.631136,0.7616279069767442,2.761627906976744,2,531
2.764296,72,4757.145821,0.8362956810631229,2.836295681063123,2,720
2.837487,67,4779.722429,0.9039867109634552,2.903986710963455,2,665
2.812136,72,4810.13754,0.8841362126245847,2.884136212624585,2,720
2.648716,57,4828.660159,0.7053156146179402,2.7053156146179402,2,566
3.9435,57,4848.9058,1.0,4.0,3,565
2.862462,59,4867.937628,0.9212624584717608,2.9212624584717606,2,588
2.516987,72,4892.647463,0.5887873754152824,2.5887873754152824,2,718
2.762427,65,4914.974305,0.8268272425249169,2.826827242524917,2,644
3.9614,39,4926.742787,1.0,4.0,3,386
2.891787,72,4949.853735,0.9637873754152824,2.9637873754152824,2,720
3.9286,72,4979.061958,1.0,4.0,3,714
2.848938,65,5001.849879,0.9135382059800664,2.9135382059800663,2,646
2.801316,59,5023.439664,0.8602159468438538,2.8602159468438537,2,589
2.745207,63,5045.35489,0.8078073089700997,2.8078073089700997,2,626
3.9399,61,5066.664953,1.0,4.0,3,601
3.9406,60,5088.787316,1.0,4.0,3,594
2.717543,65,5111.756578,0.7821428571428571,2.782142857142857,2,646
3.939,61,5133.31683,1.0,4.0,3,610
3.9487,52,5152.420694,1.0,4.0,3,513
3.9431,57,5177.709676,1.0,4.0,3,569
3.9451,55,5195.512211,1.0,4.0,3,549
2.907568,72,5220.069159,0.9795681063122924,2.9795681063122923,2,720
3.9397,61,5240.640573,1.0,4.0,3,603
2.698768,61,5260.910138,0.759468438538206,2.759468438538206,2,607
2.720053,60,5281.573095,0.7791528239202657,2.7791528239202656,2,591
2.909277,58,5300.775681,0.9667774086378738,2.9667774086378738,2,575
3.9441,56,5318.260592,1.0,4.0,3,559
2.735303,54,5336.960305,0.7892026578073089,2.789202657807309,2,539
2.583496,63,5363.325787,0.6460963455149502,2.64609634551495,2,626
2.799008,69,5386.477047,0.8676079734219269,2.8676079734219266,2,686
2.789877,72,5411.683404,0.8618770764119601,2.86187707641196,2,720
2.441466,64,5432.874903,0.5050664451827243,2.5050664451827243,2,636
2.51947,60,5454.46242,0.5790697674418605,2.5790697674418603,2,596
2.644044,58,5473.834384,0.7017441860465117,2.7017441860465117,2,577
2.627168,58,5493.135556,0.6844684385382059,2.684468438538206,2,573
2.731322,72,5522.797096,0.8033222591362126,2.8033222591362126,2,720
3.9455,55,5541.621405,1.0,4.0,3,545
2.523676,54,5558.704751,0.5770764119601329,2.577076411960133,2,534
3.9324,68,5582.192749,1.0,4.0,3,676
2.667447,69,5606.516986,0.736046511627907,2.736046511627907,2,686
2.70751,60,5626.766654,0.7671096345514951,2.767109634551495,2,596
2.595017,55,5645.146517,0.6499169435215947,2.649916943521595,2,549
2.656419,53,5662.850467,0.70921926910299,2.70921926910299,2,528
3.9518,49,5678.963393,1.0,4.0,3,482
2.870857,72,5709.387296,0.9428571428571428,2.942857142857143,2,720
2.869113,72,5730.811161,0.9411129568106312,2.941112956810631,2,720
2.625158,58,5752.332724,0.6825581395348838,2.682558139534884,2,574
2.910629,71,5775.012207,0.9812292358803987,2.9812292358803987,2,706
3.9525,48,5790.059004,1.0,4.0,3,475
2.703731,57,5810.492739,0.7606312292358804,2.7606312292358806,2,569
2.72913,57,5828.199056,0.7861295681063123,2.786129568106312,2,570
3.9467,54,5845.442808,1.0,4.0,3,533
3.9499,51,5862.005222,1.0,4.0,3,501
3.9397,61,5888.495018,1.0,4.0,3,603
2.881322,72,5910.963156,0.9533222591362126,2.9533222591362125,2,720
2.501905,67,5933.449308,0.5686046511627907,2.568604651162791,2,667
3.9428,58,5951.938855,1.0,4.0,3,572
2.744092,59,5971.504246,0.8024916943521595,2.8024916943521596,2,584
3.9519,49,5987.227897,1.0,4.0,3,481
3.9485,52,6004.0876,1.0,4.0,3,515
3.9487,52,6022.338246,1.0,4.0,3,513
3.9481,52,6038.917298,1.0,4.0,3,519
2.632922,61,6063.344479,0.6935215946843853,2.6935215946843853,2,606
3.9539,47,6080.36118,1.0,4.0,3,461
3.9438,57,6099.703428,1.0,4.0,3,562
3.9545,46,6115.127707,1.0,4.0,3,455
2.869611,72,6139.035294,0.9416112956810632,2.941611295681063,2,720
3.9484,52,6155.863576,1.0,4.0,3,516
2.810973,72,6182.15896,0.8829734219269103,2.88297342192691,2,720
3.937,63,6203.646224,1.0,4.0,3,630
2.725683,70,6233.209965,0.7951827242524917,2.795182724252492,2,695
2.887669,62,6253.424075,0.9491694352159469,2.9491694352159468,2,615
2.905047,66,6276.345265,0.9708471760797343,2.9708471760797344,2,658
3.9464,54,6294.472611,1.0,4.0,3,536
3.956,44,6308.865442,1.0,4.0,3,440
2.761609,66,6330.704535,0.8274086378737542,2.827408637873754,2,658
2.755214,56,6349.624231,0.8107142857142857,2.810714285714286,2,555
2.714282,67,6372.14403,0.7804817275747509,2.7804817275747506,2,662
3.9339,67,6395.254071,1.0,4.0,3,661
3.9427,58,6419.79862,1.0,4.0,3,573
3.9342,66,6443.055006,1.0,4.0,3,658
3.9425,58,6462.340929,1.0,4.0,3,575
2.712776,60,6482.943228,0.7721760797342193,2.772176079734219,2,594
2.570126,58,6504.780422,0.6273255813953489,2.6273255813953487,2,572
2.8855,60,6523.703049,0.9450996677740864,2.9450996677740866,2,596
2.807319,72,6548.675469,0.8793189368770764,2.8793189368770764,2,720
2.674262,72,6572.561944,0.7462624584717608,2.7462624584717608,2,720
3.9305,70,6602.274218,1.0,4.0,3,695
3.9465,54,6622.28298,1.0,4.0,3,535
2.669951,65,6644.984743,0.7345514950166113,2.7345514950166114,2,646
3.9463,54,6665.092182,1.0,4.0,3,537
3.9402,60,6686.138072,1.0,4.0,3,598
2.641986,58,6704.659958,0.6990863787375415,2.6990863787375416,2,571
3.9493,51,6721.623291,1.0,4.0,3,507
2.682682,58,6741.568454,0.7402823920265781,2.740282392026578,2,576
2.726505,72,6770.213243,0.7985049833887043,2.798504983388704,2,720
2.593057,55,6788.559725,0.6477574750830565,2.6477574750830564,2,547
2.642619,57,6809.087897,0.6994186046511628,2.6994186046511626,2,568
2.902525,61,6828.794793,0.9626245847176079,2.962624584717608,2,601
3.942,58,6847.515563,1.0,4.0,3,580
2.52526,67,6869.66568,0.5918604651162791,2.5918604651162793,2,666
2.903415,72,6895.94386,0.9754152823920266,2.9754152823920266,2,720
2.680055,59,6914.910315,0.7384551495016611,2.738455149501661,2,584
2.598238,61,6935.155242,0.6586378737541528,2.6586378737541527,2,604
2.553527,69,6966.229392,0.6219269102990034,2.6219269102990035,2,684
2.48776,55,6984.682098,0.541860465116279,2.541860465116279,2,541
3.949,51,7004.275541,1.0,4.0,3,510
2.893033,72,7029.444953,0.9650332225913621,2.9650332225913623,2,720
2.768359,59,7049.524979,0.8271594684385382,2.827159468438538,2,588
2.861638,72,7073.144866,0.9336378737541529,2.9336378737541526,2,720
2.788963,72,7098.511252,0.8609634551495017,2.8609634551495016,2,720
3.9482,52,7114.594746,1.0,4.0,3,518
2.794249,56,7138.704029,0.850249169435216,2.850249169435216,2,560
2.706321,58,7159.622382,0.7636212624584717,2.7636212624584715,2,573
3.9418,59,7178.584383,1.0,4.0,3,582
2.742203,72,7203.642991,0.8142026578073089,2.814202657807309,2,720
3.9374,63,7224.010801,1.0,4.0,3,626
2.789234,56,7244.338232,0.8449335548172757,2.844933554817276,2,557
2.695555,68,7267.696791,0.7634551495016612,2.7634551495016613,2,679
2.705006,59,7287.754629,0.7632059800664451,2.763205980066445,2,582
2.716024,67,7316.400465,0.7827242524916943,2.782724252491694,2,667
3.9455,55,7333.634226,1.0,4.0,3,545
2.792111,65,7358.509051,0.8568106312292358,2.856810631229236,2,647
3.9417,59,7379.141509,1.0,4.0,3,583
3.9493,51,7396.757686,1.0,4.0,3,507
2.648458,64,7418.081326,0.7124584717607974,2.7124584717607974,2,640
3.9391,61,7437.956481,1.0,4.0,3,609
3.9494,51,7453.852267,1.0,4.0,3,506
3.9479,53,7470.103353,1.0,4.0,3,521
2.520359,72,7501.078941,0.5923588039867109,2.592358803986711,2,720
3.9545,46,7517.081872,1.0,4.0,3,455
2.862243,65,7538.140116,0.9272425249169435,2.9272425249169434,2,650
3.9402,60,7558.931934,1.0,4.0,3,598
2.861925,61,7579.268814,0.9224252491694352,2.9224252491694354,2,605
3.9464,54,7598.095729,1.0,4.0,3,536
2.72677,58,7616.817955,0.7839700996677741,2.783970099667774,2,572
2.506899,54,7633.379224,0.5602990033222591,2.560299003322259,2,534
2.726126,57,7655.341788,0.7822259136212625,2.7822259136212626,2,561
3.9457,55,7680.053311,1.0,4.0,3,543
3.9425,58,7700.146074,1.0,4.0,3,575
2.925508,72,7725.831308,0.9975083056478405,2.9975083056478407,2,720
3.9412,59,7745.284343,1.0,4.0,3,588
2.571678,55,7764.260129,0.626578073089701,2.626578073089701,2,549
2.715061,67,7788.235253,0.78156146179402,2.78156146179402,2,665
3.9359,65,7809.242124,1.0,4.0,3,641
3.95,50,7826.891428,1.0,4.0,3,500
2.654848,56,7853.128407,0.7105481727574751,2.710548172757475,2,557
2.757376,70,7877.714836,0.8270764119601329,2.827076411960133,2,697
2.812718,72,7903.377916,0.8847176079734219,2.884717607973422,2,720
2.767319,62,7927.929914,0.8293189368770764,2.829318936877076,2,620
2.542191,71,7952.044,0.6127906976744186,2.6127906976744186,2,706
2.850072,59,7971.265765,0.9084717607973422,2.908471760797342,2,584
3.9521,48,7986.396816,1.0,4.0,3,479
3.9457,55,8007.029971,1.0,4.0,3,543
2.50936,58,8028.166497,0.5668604651162791,2.566860465116279,2,575
3.9452,55,8053.256505,1.0,4.0,3,548
2.649171,55,8073.286546,0.7035714285714286,2.7035714285714287,2,544
3.9473,53,8093.235077,1.0,4.0,3,527
2.753814,57,8113.249846,0.8107142857142857,2.810714285714286,2,569
2.77086,67,8137.664274,0.8369601328903654,2.8369601328903653,2,661
3.9533,47,8153.205823,1.0,4.0,3,467
2.752601,58,8174.949092,0.8098006644518272,2.809800664451827,2,572
2.817286,72,8201.612171,0.8892857142857142,2.8892857142857142,2,720
2.77608,60,8228.669868,0.8358803986710963,2.8358803986710965,2,598
2.541431,65,8252.096511,0.6057308970099667,2.6057308970099666,2,643
3.9419,59,8272.90252,1.0,4.0,3,581
3.9468,54,8291.502896,1.0,4.0,3,532
3.9461,54,8309.813564,1.0,4.0,3,539
3.9484,52,8326.91313,1.0,4.0,3,516
2.597034,58,8346.993486,0.654734219269103,2.654734219269103,2,577
2.8079,72,8371.736085,0.8799003322259136,2.8799003322259136,2,720
2.834937,59,8392.379866,0.893936877076412,2.893936877076412,2,590
2.880159,72,8424.156159,0.9521594684385382,2.952159468438538,2,720
2.552702,57,8444.570162,0.6093023255813953,2.609302325581395,2,566
2.83996,72,8471.758515,0.9119601328903655,2.9119601328903655,2,720
3.9471,53,8490.916929,1.0,4.0,3,529
2.899757,69,8515.192683,0.9678571428571429,2.967857142857143,2,681
2.683306,60,8536.848932,0.7431063122923588,2.7431063122923587,2,598
2.569474,54,8555.455507,0.6226744186046511,2.6226744186046513,2,532
3.9367,64,8578.628999,1.0,4.0,3,633
2.924927,72,8611.061367,0.9969269102990034,2.9969269102990035,2,720
2.727054,67,8635.401795,0.7938538205980067,2.793853820598007,2,668
3.9399,61,8655.667356,1.0,4.0,3,601
3.9359,65,8676.169125,1.0,4.0,3,641
3.952,48,8694.503844,1.0,4.0,3,480
3.9474,53,8712.198038,1.0,4.0,3,526
2.731156,72,8737.931886,0.803156146179402,2.803156146179402,2,720
3.9466,54,8755.486767,1.0,4.0,3,534
2.552387,57,8774.930891,0.6088870431893688,2.6088870431893687,2,565
3.9447,56,8801.768169,1.0,4.0,3,553
2.867287,72,8828.11107,0.9387873754152823,2.9387873754152825,2,715
3.9531,47,8843.463838,1.0,4.0,3,469
3.9312,69,8868.91497,1.0,4.0,3,688
2.698848,62,8891.54131,0.7605481727574751,2.760548172757475,2,617
2.67475,61,8914.085387,0.7350498338870431,2.735049833887043,2,603
3.9399,61,8936.59869,1.0,4.0,3,601
2.873681,72,8960.271503,0.9456810631229235,2.9456810631229233,2,720
2.854661,72,8992.665837,0.9266611295681063,2.926661129568106,2,720
2.499343,58,9012.054827,0.5571428571428572,2.557142857142857,2,578
2.92542,69,9033.911931,0.9940199335548173,2.994019933554817,2,686
2.700211,57,9052.020459,0.7568106312292359,2.7568106312292358,2,566
3.939,61,9073.899122,1.0,4.0,3,610
3.9467,54,9094.407476,1.0,4.0,3,533
3.9473,53,9114.325708,1.0,4.0,3,527
2.488051,67,9139.609341,0.5546511627906977,2.5546511627906976,2,666
2.846937,72,9168.939612,0.9189368770764119,2.918936877076412,2,720
2.79104,72,9193.337395,0.8630398671096345,2.8630398671096344,2,720
1.412084,58,9213.275167,0.4696843853820598,1.4696843853820598,1,576
3.9447,56,9233.134972,1.0,4.0,3,553
3.9533,47,9247.826761,1.0,4.0,3,467
2.815292,72,9271.687646,0.8872923588039867,2.887292358803987,2,720
2.686808,61,9292.227521,0.7475083056478405,2.7475083056478407,2,607
2.725508,72,9317.068233,0.7975083056478405,2.7975083056478405,2,720
3.9344,66,9344.322655,1.0,4.0,3,656
3.949,51,9360.111151,1.0,4.0,3,510
3.9486,52,9379.293307,1.0,4.0,3,514
2.877746,69,9405.769849,0.9463455149501662,2.946345514950166,2,686
3.9457,55,9425.434876,1.0,4.0,3,543
2.653267,57,9444.44576,0.7099667774086379,2.709966777408638,2,567
2.58905,56,9464.175167,0.6448504983388704,2.6448504983388705,2,558
2.851007,72,9488.573264,0.9230066445182724,2.9230066445182725,2,720
3.9419,59,9507.808804,1.0,4.0,3,581
2.636252,59,9534.473512,0.6943521594684385,2.6943521594684388,2,581
3.9492,51,9552.123448,1.0,4.0,3,508
2.879578,72,9577.436682,0.951578073089701,2.951578073089701,2,720
3.9361,64,9602.020689,1.0,4.0,3,639
2.886029,61,9623.882131,0.9464285714285714,2.946428571428571,2,604
3.9553,45,9638.950999,1.0,4.0,3,447
2.881904,72,9665.484622,0.9539036544850499,2.9539036544850497,2,720
2.718563,63,9688.386131,0.781063122923588,2.7810631229235883,2,625
3.9511,49,9726.485822,1.0,4.0,3,489
2.746782,59,9748.954968,0.8054817275747508,2.805481727574751,2,587
2.801901,63,9772.089607,0.8647009966777409,2.864700996677741,2,628
2.842193,60,9794.027343,0.9019933554817275,2.9019933554817277,2,598
2.479284,56,9814.796237,0.5348837209302325,2.5348837209302326,2,556
3.9435,57,9835.743265,1.0,4.0,3,565
2.871272,72,9861.074894,0.9432724252491694,2.9432724252491695,2,720
3.9435,57,9879.458491,1.0,4.0,3,565
2.565791,72,9906.147159,0.6377906976744186,2.6377906976744185,2,720
3.9535,47,9929.683345,1.0,4.0,3,465
2.494056,55,9948.176612,0.5482558139534883,2.5482558139534883,2,542
2.582033,58,9969.067801,0.6400332225913621,2.640033222591362,2,580
3.9539,47,9986.118167,1.0,4.0,3,461
2.70774,56,10007.159451,0.7630398671096346,2.763039867109635,2,553
3.9494,51,10024.318247,1.0,4.0,3,506
3.9521,48,10041.021768,1.0,4.0,3,479
2.906405,72,10064.484698,0.978405315614618,2.978405315614618,2,720
2.896439,72,10090.553881,0.96843853820598,2.96843853820598,2,720
3.9363,64,10119.710887,1.0,4.0,3,637
2.759063,72,10146.687369,0.8310631229235881,2.831063122923588,2,720
2.823266,72,10171.669323,0.895265780730897,2.895265780730897,2,720
3.945,55,10193.143059,1.0,4.0,3,550
2.548051,57,10212.679584,0.6046511627906976,2.604651162790698,2,566
3.9394,61,10232.037034,1.0,4.0,3,606
3.9305,70,10256.153828,1.0,4.0,3,695
2.633897,72,10282.694469,0.7058970099667774,2.7058970099667774,2,720
2.764794,72,10315.194941,0.8367940199335548,2.8367940199335546,2,720
2.878939,65,10337.079163,0.9434385382059801,2.9434385382059802,2,645
2.712878,64,10359.761294,0.776578073089701,2.776578073089701,2,637
3.9462,54,10379.649719,1.0,4.0,3,538
2.882,64,10401.434448,0.9450996677740864,2.9450996677740866,2,631
2.848598,72,10426.767592,0.9205980066445183,2.9205980066445183,2,720
2.619721,69,10450.997218,0.6886212624584718,2.6886212624584718,2,689
2.718377,69,10480.541514,0.7868770764119601,2.78687707641196,2,685
2.645009,58,10500.482353,0.7024086378737542,2.702408637873754,2,574
2.497422,56,10520.124427,0.5533222591362126,2.5533222591362126,2,559
3.9484,52,10538.937157,1.0,4.0,3,516
2.640379,56,10558.788009,0.6961794019933555,2.6961794019933554,2,558
2.577369,62,10578.841558,0.6393687707641196,2.6393687707641194,2,620
3.954,46,10595.656111,1.0,4.0,3,460
2.890643,62,10616.972346,0.9522425249169435,2.9522425249169437,2,616
3.9377,63,10639.05075,1.0,4.0,3,623
2.512659,55,10662.944946,0.567358803986711,2.567358803986711,2,547
2.756484,59,10682.379896,0.8147840531561462,2.814784053156146,2,583
2.620912,61,10703.549665,0.681312292358804,2.681312292358804,2,604
2.86604,72,10729.193843,0.9380398671096346,2.9380398671096346,2,720
2.858312,69,10751.331241,0.9264119601328904,2.9264119601328904,2,681
2.93394,59,10772.461483,0.9929401993355482,2.992940199335548,2,590
2.521601,64,10793.779207,0.5848006644518272,2.5848006644518273,2,632
3.9375,63,10815.103194,1.0,4.0,3,625
3.9414,59,10843.621376,1.0,4.0,3,586
3.9485,52,10861.578389,1.0,4.0,3,515
2.67881,69,10887.591583,0.7470099667774086,2.7470099667774086,2,682
3.945,55,10906.740195,1.0,4.0,3,550
3.9523,48,10923.618811,1.0,4.0,3,477
2.833905,70,10948.854327,0.9034053156146179,2.903405315614618,2,695
3.951,49,10965.033797,1.0,4.0,3,490
3.9303,70,10989.892831,1.0,4.0,3,697
2.559108,54,11008.74558,0.6127076411960133,2.612707641196013,2,536
3.956,44,11031.158595,1.0,4.0,3,440
2.874262,72,11055.414208,0.9462624584717608,2.946262458471761,2,720
3.9366,64,11077.132367,1.0,4.0,3,634
3.9476,53,11094.761572,1.0,4.0,3,524
3.9445,56,11115.502538,1.0,4.0,3,555
3.9384,62,11138.139894,1.0,4.0,3,616
3.9311,69,11161.464349,1.0,4.0,3,689
2.702252,72,11187.169871,0.7742524916943522,2.774252491694352,2,720
3.9502,50,11203.898667,1.0,4.0,3,498
2.552882,58,11229.659682,0.6103820598006644,2.6103820598006644,2,575
2.918211,64,11251.168021,0.9818106312292358,2.981810631229236,2,636
3.948,52,11268.718201,1.0,4.0,3,520
2.686861,60,11289.437832,0.7467607973421927,2.746760797342193,2,599
2.743137,56,11308.522909,0.7988372093023256,2.7988372093023255,2,557
2.73589,72,11334.492553,0.807890365448505,2.807890365448505,2,720
3.9382,62,11355.574588,1.0,4.0,3,618
3.9468,54,11375.710417,1.0,4.0,3,532
2.8429,58,11400.57379,0.9,2.9,2,571
3.9526,48,11417.223095,1.0,4.0,3,474
2.613915,57,11437.01756,0.670514950166113,2.6705149501661127,2,566
2.878904,60,11456.986804,0.9387043189368771,2.9387043189368773,2,598
2.892452,72,11481.624575,0.9644518272425249,2.9644518272425247,2,720
2.877834,72,11507.662167,0.9498338870431894,2.9498338870431895,2,720
2.762136,72,11532.612506,0.8341362126245847,2.8341362126245846,2,720
2.542722,61,11553.079117,0.6033222591362126,2.6033222591362124,2,606
0.366455,72,11583.745468,0.43845514950166115,0.43845514950166115,0,720
2.575653,64,11606.387563,0.638953488372093,2.638953488372093,2,633
2.551892,56,11625.7765,0.6073920265780731,2.607392026578073,2,555
3.9381,62,11646.866982,1.0,4.0,3,619
2.697792,65,11669.629796,0.7622923588039867,2.762292358803987,2,645
2.798681,72,11695.542341,0.8706810631229236,2.8706810631229236,2,720
2.706156,72,11721.468756,0.778156146179402,2.778156146179402,2,720
2.704603,60,11742.574965,0.764202657807309,2.764202657807309,2,596
2.674013,72,11773.058005,0.7460132890365448,2.746013289036545,2,720
2.919694,72,11796.600205,0.9916943521594684,2.9916943521594686,2,720
2.931932,59,11817.728796,0.990531561461794,2.990531561461794,2,586
3.9419,59,11837.879655,1.0,4.0,3,581
3.9446,56,11858.589254,1.0,4.0,3,554
2.713246,63,11882.64561,0.7762458471760797,2.77624584717608,2,630
3.9282,72,11908.607047,1.0,4.0,3,718
3.9514,49,11926.031581,1.0,4.0,3,486
2.691215,60,11953.179474,0.7504152823920266,2.7504152823920265,2,592
3.942,58,11972.156421,1.0,4.0,3,580
3.939,61,11993.913745,1.0,4.0,3,610
2.583977,58,12013.534865,0.6417774086378738,2.641777408637874,2,578
2.671926,61,12034.86847,0.7322259136212624,2.7322259136212623,2,603
3.954,46,12050.977562,1.0,4.0,3,460
2.653759,69,12074.810242,0.7222591362126246,2.7222591362126245,2,685
3.9415,59,12096.38893,1.0,4.0,3,585
2.798881,72,12122.30763,0.8706810631229236,2.8706810631229236,2,718
2.678089,66,12151.018282,0.7431893687707641,2.7431893687707642,2,651
2.863544,59,12171.272507,0.921843853820598,2.921843853820598,2,583
2.882485,72,12193.948743,0.954485049833887,2.9544850498338873,2,720
3.9432,57,12210.806116,1.0,4.0,3,568
2.503747,58,12228.54425,0.561046511627907,2.561046511627907,2,573
2.53911,58,12246.911875,0.5970099667774086,2.5970099667774087,2,579
2.503418,57,12265.888258,0.559717607973422,2.559717607973422,2,563
3.9531,47,12281.945841,1.0,4.0,3,469
2.906405,72,12313.645582,0.978405315614618,2.978405315614618,2,720
2.677003,72,12340.710237,0.7490033222591362,2.7490033222591364,2,720
3.947,53,12359.346495,1.0,4.0,3,530
2.794113,72,12386.237804,0.8661129568106313,2.8661129568106314,2,720
3.9432,57,12406.994828,1.0,4.0,3,568
3.943,57,12427.381835,1.0,4.0,3,570
2.681322,72,12453.898598,0.7533222591362126,2.7533222591362128,2,720
2.83491,63,12476.055338,0.8970099667774086,2.8970099667774085,2,621
2.591197,65,12504.5443,0.6558970099667774,2.655897009966777,2,647
3.9449,56,12524.172364,1.0,4.0,3,551
3.9451,55,12544.180584,1.0,4.0,3,549
2.71897,65,12567.174367,0.7839700996677741,2.783970099667774,2,650
2.777267,63,12588.932927,0.8398671096345515,2.8398671096345516,2,626
2.866851,58,12610.352806,0.924750830564784,2.924750830564784,2,579
3.9516,49,12627.97606,1.0,4.0,3,484
2.677945,64,12649.677982,0.7414451827242525,2.7414451827242523,2,635
3.937,63,12669.011714,1.0,4.0,3,630
3.955,45,12689.936409,1.0,4.0,3,450
3.9513,49,12706.003342,1.0,4.0,3,487
2.766621,72,12729.267867,0.8386212624584718,2.8386212624584717,2,720
3.9431,57,12749.273727,1.0,4.0,3,569
2.806239,72,12773.397402,0.8782392026578073,2.878239202657807,2,720
3.9482,52,12790.123821,1.0,4.0,3,518
2.741213,55,12810.419305,0.7960132890365449,2.796013289036545,2,548
3.9306,70,12836.103964,1.0,4.0,3,694
2.774549,66,12857.752761,0.8404485049833887,2.8404485049833887,2,659
2.594721,64,12886.407953,0.6587209302325582,2.6587209302325583,2,640
2.769384,66,12909.818213,0.8348837209302326,2.8348837209302324,2,655
3.9416,59,12931.235644,1.0,4.0,3,584
2.766141,62,12953.794902,0.8277408637873754,2.8277408637873753,2,616
2.787053,72,12979.295939,0.8590531561461794,2.8590531561461794,2,720
2.659366,66,13000.066429,0.7251661129568107,2.7251661129568108,2,658
3.9387,62,13022.481209,1.0,4.0,3,613
2.85631,66,13052.062093,0.9220099667774087,2.9220099667774084,2,657
3.9517,49,13068.919311,1.0,4.0,3,483
3.9503,50,13085.41728,1.0,4.0,3,497
2.812264,59,13104.487225,0.8707641196013289,2.870764119601329,2,585
2.709276,58,13124.993905,0.7672757475083056,2.7672757475083056,2,580
3.9531,47,13141.696537,1.0,4.0,3,469
2.852142,66,13163.756619,0.9174418604651163,2.917441860465116,2,653
2.838339,65,13185.217095,0.9032392026578073,2.903239202657807,2,649
3.9486,52,13202.180485,1.0,4.0,3,514
2.553805,65,13232.980731,0.6186046511627907,2.6186046511627907,2,648
2.865031,66,13255.725742,0.9307308970099668,2.930730897009967,2,657
3.9456,55,13276.651562,1.0,4.0,3,544
2.770999,60,13296.537962,0.8303986710963455,2.8303986710963454,2,594
2.853004,61,13317.472755,0.9137043189368771,2.913704318936877,2,607
2.828997,72,13342.318901,0.9009966777408638,2.9009966777408636,2,720
2.870359,72,13365.884543,0.942358803986711,2.942358803986711,2,720
2.791561,56,13385.13068,0.8467607973421927,2.846760797342193,2,552
2.584181,57,13404.477759,0.6407807308970099,2.64078073089701,2,566
2.619366,56,13430.617042,0.6751661129568106,2.6751661129568105,2,558
3.9476,53,13449.40974,1.0,4.0,3,524
3.944,56,13470.381255,1.0,4.0,3,560
3.9367,64,13494.014477,1.0,4.0,3,633
3.9445,56,13512.812864,1.0,4.0,3,555
2.887053,72,13536.962497,0.9590531561461794,2.9590531561461795,2,720
2.937801,57,13555.921294,0.9946013289036545,2.9946013289036544,2,568
2.762635,72,13580.101815,0.8346345514950166,2.8346345514950166,2,720
3.9311,69,13612.088839,1.0,4.0,3,689
3.9347,66,13635.632919,1.0,4.0,3,653
2.847684,72,13659.800508,0.9196843853820598,2.9196843853820598,2,720
2.780846,66,13683.617497,0.8463455149501661,2.846345514950166,2,655
3.9509,50,13699.111309,1.0,4.0,3,491
3.9425,58,13719.67828,1.0,4.0,3,575
1.405953,54,13738.526773,0.4590531561461794,1.4590531561461795,1,531
2.507549,63,13760.470309,0.5703488372093023,2.5703488372093024,2,628
2.500151,55,13784.933779,0.5546511627906977,2.5546511627906976,2,545
2.693124,55,13804.522774,0.7479235880398671,2.747923588039867,2,548
2.833565,72,13830.321416,0.9055647840531561,2.905564784053156,2,720
3.9499,51,13846.777417,1.0,4.0,3,501
3.9517,49,13863.462224,1.0,4.0,3,483
3.9444,56,13881.833795,1.0,4.0,3,556
3.9455,55,13900.121226,1.0,4.0,3,545
3.9426,58,13920.487881,1.0,4.0,3,574
3.9428,58,13940.327728,1.0,4.0,3,572
