label,profile,seed,score,damage_pct,stars,steps,ticks,terminated,truncated,deployments,deployment_unique_cells,deployment_top_cell_fraction,deployment_top3_cell_fraction,deployment_quadrant_entropy,active_nearest_distance_mean,active_close_pair_fraction_mean,active_quadrant_entropy_mean,troop_damage_taken_pct,cannon_damage_pct,wizard_tower_damage_pct,mortar_damage_pct,bomb_damage_pct,splash_damage_pct,cannon_deaths,wizard_tower_deaths,mortar_deaths,bomb_deaths,splash_deaths,multi_hit_splash_events,wizard_tower_multi_hit_events,mortar_multi_hit_events,bomb_multi_hit_events,wall_breakers_deployed,wall_breaker_explosions,wall_breakers_dead_without_explosion,wall_segments_damaged_by_wb,wall_segments_destroyed_by_wb,useful_rage_casts,useful_freeze_casts,wasted_spell_casts,spells_remaining,townhall_destroyed,defenses_destroyed
final,hard,600000,1.4885640732265446,0.48856407322654466,1,79,785,1,0,65,2,0.7692307692307693,1.0,-0.0,2.8892719199730053,0.2116910866910867,0.2099354171895117,0.9341408450704224,0.02726760563380281,0.24766197183098565,0.6592112676056339,0.0,0.9068732394366195,0,15,36,0,51,51,16,35,0,15,14,1,58,29,4,4,0,0,1,4
final,hard,600001,1.5166933638443927,0.5166933638443927,1,81,809,1,0,65,2,0.7692307692307693,1.0,-0.0,2.3144448137095894,0.11837690087690086,0.3035662039943724,0.9999999999999991,0.2360281690140842,0.38583098591549225,0.3781408450704226,0.0,0.7639718309859148,20,22,23,0,45,44,26,18,0,15,0,15,0,0,4,4,0,0,0,3
final,hard,600002,0.35566933638443915,0.35566933638443915,0,84,831,1,0,65,2,0.7692307692307693,1.0,-0.0,2.9842384803181337,0.1280892103676914,0.23563238983827894,0.9236056338028165,0.18264788732394363,0.3373802816901404,0.40357746478873235,0.0,0.7409577464788728,9,19,23,0,42,27,14,13,0,15,14,1,56,25,4,4,0,0,0,3
final,hard,600003,0.24496567505720823,0.24496567505720823,0,76,751,1,0,65,2,0.7692307692307693,1.0,-0.0,2.766593408465738,0.12207207207207207,0.06107374419387487,0.971154929577464,0.20126760563380267,0.5019154929577458,0.2496619718309859,0.018309859154929577,0.7698873239436613,6,48,4,1,53,49,36,13,0,15,6,9,24,12,4,4,0,0,0,2
final,hard,600004,0.3590732265446224,0.3590732265446224,0,77,764,1,0,65,2,0.7692307692307693,1.0,-0.0,2.969629708457203,0.12782324220680383,0.2624605965558959,0.9211267605633797,0.07971830985915496,0.4498873239436614,0.33140845070422537,0.060112676056338035,0.8414084507042248,3,27,12,9,48,46,31,14,1,15,14,1,60,25,4,4,0,0,0,3
final,hard,600005,1.4089016018306637,0.40890160183066365,1,75,742,1,0,65,3,0.6461538461538462,1.0,-0.0,2.0869592759568865,0.22181467181467182,0.05354399190045631,0.9323943661971826,0.05149295774647888,0.3034366197183094,0.5774647887323944,0.0,0.8809014084507036,2,23,28,0,51,45,22,23,0,15,12,3,50,25,4,4,0,0,1,2
final,hard,600006,0.26458810068649885,0.26458810068649885,0,74,735,1,0,65,2,0.7692307692307693,1.0,-0.0,3.6680262310076635,0.10845648604269295,0.30768475786490856,0.9999999999999992,0.3290985915492951,0.23695774647887316,0.4043661971830986,0.029577464788732393,0.6709014084507042,34,20,9,2,31,14,6,7,1,15,0,15,0,0,0,4,0,4,0,2
final,hard,600007,2.70245995423341,0.7024599542334096,2,85,842,1,0,65,2,0.7692307692307693,1.0,-0.0,2.6290385289724965,0.2040945165945166,0.22957900059257363,0.9303661971830979,0.12033802816901419,0.4050140845070414,0.38247887323943663,0.022535211267605635,0.8100281690140836,4,28,16,2,46,44,29,14,1,15,15,0,64,29,4,4,0,0,1,5
final,hard,600008,1.683192219679634,0.683192219679634,1,77,761,1,0,65,2,0.7692307692307693,1.0,-0.0,1.051400016736393,0.42035594035594037,0.1049103866039046,0.9154929577464785,0.13535211267605643,0.34132394366197133,0.4388169014084507,0.0,0.780140845070422,9,20,21,0,41,48,25,23,0,15,15,0,75,34,4,4,0,0,0,4
final,hard,600009,2.663615560640732,0.6636155606407322,2,81,809,1,0,65,2,0.7692307692307693,1.0,-0.0,2.6826250189195626,0.13537774725274726,0.35162319969008654,0.9621408450704219,0.13132394366197195,0.3867605633802809,0.39898591549295775,0.04507042253521127,0.83081690140845,6,27,16,4,47,39,25,13,1,15,12,3,54,27,4,4,0,0,1,4
final,hard,600010,4.0,1.0,3,99,989,1,0,65,2,0.7692307692307693,1.0,-0.0,1.9400142613341331,0.2945098552241409,0.4656725990102233,0.8496901408450697,0.16974647887323943,0.40405633802816826,0.25661971830985914,0.019267605633802823,0.6799436619718303,9,23,12,2,37,46,36,9,1,15,15,0,73,34,4,4,0,0,1,8
final,hard,600011,0.1945080091533181,0.1945080091533181,0,69,686,1,0,65,3,0.6461538461538462,1.0,-0.0,2.578227784661049,0.1682283666154634,0.016009904322856868,0.9549295774647883,0.22940845070422516,0.2858873239436618,0.4396338028169014,0.0,0.7255211267605632,17,24,16,0,40,13,6,7,0,15,8,7,40,15,0,4,0,4,0,2
final,hard,600012,2.540045766590389,0.540045766590389,2,93,922,1,0,65,3,0.6461538461538462,1.0,-0.0,1.3823644201609644,0.22589620117710005,0.0,0.9154929577464785,0.05149295774647888,0.2803380281690137,0.46253521126760566,0.12112676056338029,0.8639999999999997,2,22,19,7,48,44,24,19,1,15,15,0,67,31,4,4,0,0,1,3
final,hard,600013,0.41830091533180763,0.41830091533180763,0,91,909,1,0,65,2,0.7692307692307693,1.0,-0.0,2.5281928491553467,0.3045073445073445,0.3167967834451555,0.9999999999999984,0.39566197183098495,0.3783380281690136,0.22599999999999995,0.0,0.6043380281690135,24,29,12,0,41,25,14,11,0,15,0,15,0,0,4,4,0,0,0,3
final,hard,600014,2.5882151029748286,0.5882151029748284,2,100,1000,0,1,65,2,0.7692307692307693,1.0,-0.0,2.562799378129686,0.3238816738816739,0.08246296832296567,0.9247605633802812,0.06980281690140848,0.3594084507042249,0.49554929577464785,0.0,0.8549577464788727,3,33,18,0,51,34,22,12,0,15,9,6,37,16,4,4,0,0,1,4
final,hard,600015,2.54837528604119,0.5483752860411899,2,74,740,1,0,65,2,0.7692307692307693,1.0,-0.0,1.887391493454987,0.2720637387304054,0.0,0.92112676056338,0.07571830985915497,0.23543661971830965,0.5956901408450703,0.014281690140845071,0.845408450704225,4,20,26,1,47,41,18,23,0,15,14,1,54,27,4,4,0,0,1,3
final,hard,600016,0.4674485125858124,0.4674485125858124,0,82,812,1,0,65,2,0.7692307692307693,1.0,-0.0,2.6662547181103977,0.1901864970046788,0.33251753354674696,0.9887323943661963,0.3726197183098582,0.1603661971830986,0.45574647887323944,0.0,0.6161126760563381,28,11,24,0,35,19,4,15,0,15,2,13,10,5,4,4,0,0,0,3
final,hard,600017,2.632379862700229,0.6323798627002288,2,92,920,1,0,65,2,0.7692307692307693,1.0,-0.0,2.387373765801146,0.13762428048142333,0.13242345139077907,0.9774647887323941,0.1584788732394367,0.28991549295774616,0.5023098591549295,0.02676056338028169,0.8189859154929574,16,25,17,3,45,35,15,19,1,15,4,11,20,10,4,4,0,0,1,5
final,hard,600018,2.5657322654462242,0.5657322654462242,2,79,789,1,0,65,2,0.7692307692307693,1.0,-0.0,2.0606164895918537,0.19860139860139858,0.25713692821229717,0.9782816901408451,0.16039436619718317,0.18771830985915483,0.6301690140845071,0.0,0.8178873239436619,7,20,32,0,52,42,11,31,0,15,6,9,22,10,4,4,0,0,1,4
final,hard,600019,0.3832036613272311,0.3832036613272311,0,79,783,1,0,65,2,0.7692307692307693,1.0,-0.0,3.327613992326388,0.07954640388850916,0.20491522062568793,0.9478873239436609,0.3700281690140836,0.232394366197183,0.335830985915493,0.00963380281690141,0.5778591549295774,17,18,15,3,36,29,13,15,1,15,12,3,48,21,4,4,0,0,0,2
final,hard,600020,2.511670480549199,0.5116704805491991,2,76,751,1,0,65,5,0.2923076923076923,0.7846153846153846,0.7453744205587465,1.4629324576553762,0.338452380952381,0.10271278450876617,0.9567323943661971,0.21988732394366176,0.12960563380281695,0.5692112676056338,0.038028169014084505,0.7368450704225352,15,9,28,4,41,31,12,18,1,15,9,6,45,20,4,4,0,0,1,4
final,hard,600021,0.33436498855835234,0.33436498855835234,0,75,748,1,0,65,3,0.6461538461538462,1.0,-0.0,2.690531036704209,0.23850639467077825,0.06738073363380924,0.9323943661971822,0.27884507042253476,0.3487605633802813,0.3047887323943662,0.0,0.6535492957746475,13,26,14,0,40,15,8,7,0,15,12,3,60,25,4,4,0,0,0,2
final,hard,600022,0.4369794050343248,0.4369794050343248,0,78,772,1,0,65,3,0.6615384615384615,1.0,-0.0,2.2727220821721774,0.15806451612903227,0.0,0.9711549295774643,0.1927323943661971,0.3725633802816896,0.38718309859154937,0.01867605633802817,0.7784225352112671,9,23,24,3,50,41,24,16,1,15,6,9,24,12,4,4,0,0,0,3
final,hard,600023,1.5583924485125855,0.5583924485125855,1,86,852,1,0,65,2,0.7692307692307693,1.0,-0.0,1.979176271600909,0.2504625533196962,0.31174137779772604,0.9999999999999999,0.19740845070422522,0.14594366197183103,0.6566478873239436,0.0,0.8025915492957746,19,9,37,0,46,35,7,28,0,15,0,15,0,0,4,4,0,0,0,4
final,hard,600024,2.570080091533181,0.5700800915331807,2,79,784,1,0,65,2,0.7692307692307693,1.0,-0.0,2.5163781569610593,0.1461732711732712,0.28916037750576534,0.9154929577464781,0.28715492957746414,0.1830985915492957,0.44523943661971827,0.0,0.628338028169014,20,12,18,0,30,28,12,16,0,15,15,0,51,23,4,4,0,0,1,3
final,hard,600025,0.4794050343249428,0.4794050343249428,0,81,805,1,0,65,2,0.7692307692307693,1.0,-0.0,3.691706626782802,0.14100829725829725,0.35818285151882234,0.915492957746478,0.27216901408450656,0.3452676056338024,0.2295492957746479,0.06850704225352114,0.6433239436619713,13,22,7,8,37,24,16,7,1,15,15,0,75,35,4,4,0,0,0,4
final,hard,600026,0.36916475972540047,0.36916475972540047,0,78,778,1,0,65,3,0.6923076923076923,1.0,0.38967491864604253,1.5007740217342236,0.2924107142857143,0.07206028306688482,0.9431267605633799,0.10146478873239444,0.3919436619718305,0.44971830985915495,0.0,0.8416619718309855,5,22,24,0,46,54,32,22,0,15,14,1,70,35,4,4,0,0,0,3
final,hard,600027,0.47505720823798625,0.47505720823798625,0,88,871,1,0,65,2,0.7692307692307693,1.0,-0.0,1.8874366750406204,0.1859868363925159,0.2812095090765467,0.9999999999999994,0.3422535211267598,0.02819718309859155,0.553154929577465,0.0763943661971831,0.6577464788732397,31,0,27,7,34,24,1,22,1,15,0,15,0,0,4,4,0,0,0,4
final,hard,600028,2.511670480549199,0.5116704805491991,2,78,776,1,0,65,2,0.7692307692307693,1.0,-0.0,2.4827310215928655,0.19160997732426302,0.023581501259875428,0.9887323943661965,0.2014084507042252,0.39442253521126713,0.3745915492957747,0.018309859154929577,0.7873239436619713,20,30,12,1,43,47,34,13,0,15,2,13,10,5,4,4,0,0,1,4
final,hard,600029,0.2974828375286041,0.2974828375286041,0,70,693,1,0,65,3,0.6461538461538462,1.0,-0.0,1.9622977284827574,0.2255718954248366,0.011930560653810776,0.9629859154929571,0.08219718309859159,0.4733239436619711,0.4074647887323944,0.0,0.8807887323943655,3,31,23,0,54,44,24,20,0,15,8,7,25,11,0,4,0,4,0,2
final,hard,600030,0.3346281464530891,0.3346281464530891,0,77,767,1,0,65,2,0.7692307692307693,1.0,-0.0,4.083541209465509,0.09829403053087263,0.3369929827715895,0.9154929577464782,0.23323943661971802,0.32766197183098555,0.28495774647887323,0.0696338028169014,0.6822535211267602,10,19,16,5,40,19,11,7,1,15,15,0,75,35,4,4,0,0,0,2
final,hard,600031,0.23363844393592678,0.23363844393592678,0,83,827,1,0,65,2,0.7692307692307693,1.0,-0.0,3.019567584966243,0.17860696517412936,0.32387211426079343,0.9887323943661964,0.2785915492957741,0.24377464788732375,0.4530140845070423,0.01335211267605634,0.7101408450704224,20,12,30,1,43,34,11,23,0,15,2,13,10,5,4,4,0,0,0,2
final,hard,600032,0.37366704805491996,0.37366704805491996,0,78,776,1,0,65,2,0.7692307692307693,1.0,-0.0,2.2747570166902875,0.1707375566530496,0.16722032133766662,0.937295774647887,0.10546478873239445,0.3325352112676052,0.4542253521126762,0.04507042253521127,0.8318309859154926,4,18,26,4,48,48,24,23,1,15,13,2,57,26,4,4,0,0,0,3
final,hard,600033,0.47254004576659037,0.47254004576659037,0,80,799,1,0,65,2,0.7692307692307693,1.0,-0.0,3.4282069343117896,0.1261603375527426,0.4121938659218914,0.9607042253521128,0.07971830985915498,0.12949295774647893,0.751492957746479,0.0,0.8809859154929579,3,12,40,0,52,43,5,38,0,15,10,5,46,21,4,4,0,0,0,3
final,hard,600034,2.7439359267734553,0.7439359267734553,2,89,887,1,0,65,2,0.7692307692307693,1.0,-0.0,3.176540002937364,0.18548042866224684,0.5587719508430624,0.9855211267605627,0.2463098591549292,0.22030985915492932,0.5189014084507042,0.0,0.7392112676056335,9,26,26,0,52,33,16,17,0,15,4,11,14,7,4,4,0,0,1,7
final,hard,600035,2.677345537757437,0.6773455377574371,2,84,838,1,0,65,2,0.7692307692307693,1.0,-0.0,2.106128334655923,0.3788530746362072,0.1526729212605862,0.9154929577464787,0.1895774647887323,0.18371830985915485,0.4534647887323944,0.08873239436619719,0.7259154929577464,9,13,17,11,41,31,16,13,2,15,15,0,71,31,4,4,0,0,1,6
final,hard,600036,0.3338672768878719,0.3338672768878719,0,78,775,1,0,65,2,0.7692307692307693,1.0,-0.0,3.282760660525483,0.17755102040816326,0.3019493559842704,0.9154929577464782,0.11298591549295783,0.4085070422535204,0.394,0.0,0.8025070422535205,8,29,13,0,42,48,28,20,0,15,15,0,70,34,4,4,0,0,0,2
final,hard,600037,2.522482837528604,0.5224828375286041,2,83,821,1,0,65,2,0.7692307692307693,1.0,-0.0,1.9919847608106394,0.18954803769618583,0.3157653277323095,0.9999999999999999,0.18777464788732384,0.18991549295774646,0.6223098591549295,0.0,0.812225352112676,19,13,33,0,46,49,18,31,0,15,0,15,0,0,4,4,0,0,1,4
final,hard,600038,0.2721395881006865,0.2721395881006865,0,75,747,1,0,65,2,0.7692307692307693,1.0,-0.0,2.840616952555054,0.07741702741702743,0.08730773051028078,0.9711549295774639,0.31569014084506974,0.2793239436619715,0.2653239436619719,0.1108169014084507,0.6554647887323941,18,15,19,7,41,7,2,4,1,15,6,9,30,15,1,4,0,3,0,1
final,hard,600039,0.27125286041189933,0.27125286041189933,0,80,800,1,0,65,2,0.7692307692307693,1.0,-0.0,3.7132891221355946,0.09838789682539682,0.31259266919435136,0.9887323943661963,0.34681690140844995,0.21292957746478866,0.40645070422535207,0.022535211267605635,0.6419154929577464,28,11,22,2,35,20,4,15,1,15,2,13,10,5,4,4,0,0,0,3
final,hard,600040,0.450949656750572,0.450949656750572,0,76,751,1,0,65,3,0.6461538461538462,1.0,-0.0,1.6928357983513158,0.2534290784290784,0.03386826167358679,0.9784225352112674,0.08715492957746483,0.30732394366197147,0.5642253521126761,0.01971830985915493,0.8912676056338026,3,21,29,3,53,47,21,25,1,15,9,6,45,20,4,4,0,0,0,4
final,hard,600041,1.4787185354691077,0.47871853546910764,1,76,757,1,0,65,3,0.6461538461538462,1.0,-0.0,2.3466189098507297,0.20233805233805233,0.0,0.9396619718309855,0.05149295774647888,0.3538591549295771,0.5343098591549297,0.0,0.8881690140845068,2,23,25,0,48,40,19,21,0,15,15,0,59,27,4,4,0,0,1,3
final,hard,600042,0.44720823798626996,0.44720823798626996,0,78,775,1,0,65,2,0.7692307692307693,1.0,-0.0,3.5642534902441,0.17783493562714342,0.34031302206317726,0.9154929577464781,0.28121126760563325,0.2660563380281688,0.36822535211267593,0.0,0.6342816901408448,18,16,16,0,32,23,11,12,0,15,15,0,71,35,4,4,0,0,0,4
final,hard,600043,2.5242448512585813,0.5242448512585812,2,78,774,1,0,65,2,0.7692307692307693,1.0,-0.0,3.072245578255007,0.14494474823422193,0.39266068724221775,0.9154929577464783,0.05149295774647888,0.33504225352112627,0.46056338028169014,0.0683943661971831,0.8639999999999995,2,24,19,5,48,20,7,12,1,15,15,0,72,30,4,4,0,0,1,3
final,hard,600044,0.4294050343249428,0.4294050343249428,0,90,893,1,0,65,2,0.7692307692307693,1.0,-0.0,3.263260111326656,0.13434869683198558,0.32217850532712383,0.9441126760563379,0.14887323943661981,0.25881690140845043,0.5251549295774648,0.011267605633802818,0.7952394366197182,6,15,30,1,46,41,19,22,0,15,13,2,55,25,4,4,0,0,0,4
final,hard,600045,1.5837528604118993,0.5837528604118993,1,85,849,1,0,65,2,0.7692307692307693,1.0,-0.0,2.6362790878686897,0.19437830687830684,0.26806077563094705,0.9323943661971824,0.21853521126760536,0.28760563380281656,0.42625352112676057,0.0,0.7138591549295772,12,15,26,0,41,41,26,15,0,15,12,3,44,17,4,4,0,0,0,5
final,hard,600046,1.465903890160183,0.4659038901601831,1,80,797,1,0,65,3,0.6307692307692307,1.0,-0.0,2.258956606487752,0.18321277878239903,0.2255101500891854,0.9613802816901403,0.05149295774647888,0.34321126760563336,0.5666760563380281,0.0,0.9098873239436616,2,22,32,0,54,50,24,26,0,15,9,6,41,20,4,4,0,0,1,3
final,hard,600047,0.40720251716247136,0.40720251716247136,0,77,769,1,0,65,2,0.7692307692307693,1.0,-0.0,2.9095873505725645,0.17964951714951716,0.21880115876973544,0.9154929577464782,0.28005633802816843,0.19022535211267602,0.43394366197183093,0.011267605633802818,0.6354366197183098,6,12,31,1,44,20,5,15,0,15,15,0,66,32,4,4,0,0,0,3
final,hard,600048,2.6118993135011443,0.6118993135011441,2,83,823,1,0,65,2,0.7692307692307693,1.0,-0.0,1.9149688819530402,0.2053182589767956,0.31813477242149124,0.9999999999999997,0.24833802816901368,0.07887323943661975,0.655887323943662,0.016901408450704224,0.7516619718309859,23,7,31,4,42,25,5,19,1,15,0,15,0,0,4,4,0,0,1,4
final,hard,600049,0.4104462242562925,0.4104462242562925,0,79,782,1,0,65,2,0.7692307692307693,1.0,-0.0,2.258610902580397,0.1412124200585739,0.22196565102996701,0.9666478873239431,0.15470422535211276,0.36783098591549246,0.4225915492957745,0.02152112676056338,0.8119436619718303,8,19,27,2,48,51,30,20,1,15,9,6,39,17,4,4,0,0,0,3
final,hard,600050,2.5354118993135013,0.5354118993135012,2,79,789,1,0,65,2,0.7692307692307693,1.0,-0.0,2.171494376481464,0.16739136931444626,0.34479791122771025,0.9790985915492958,0.10394366197183107,0.19735211267605632,0.6778028169014084,0.0,0.8751549295774647,5,19,33,0,52,43,9,34,0,15,8,7,32,16,4,4,0,0,1,5
final,hard,600051,1.5251716247139588,0.5251716247139588,1,78,780,1,0,65,3,0.6461538461538462,1.0,-0.0,2.5405738098863644,0.21626794258373203,0.22957562742354484,0.917971830985915,0.2206478873239434,0.24695774647887303,0.4503661971830985,0.0,0.6973239436619716,12,14,24,0,38,39,18,21,0,15,15,0,66,30,4,4,0,0,0,4
final,hard,600052,0.34813501144164727,0.34813501144164727,0,77,768,1,0,65,2,0.7692307692307693,1.0,-0.0,3.0766132934682004,0.22017543859649125,0.03834051202695517,0.9919718309859149,0.09650704225352119,0.5431549295774639,0.3523098591549296,0.0,0.8954647887323937,5,33,22,0,55,63,40,23,0,15,5,10,22,10,4,4,0,0,0,4
final,hard,600053,1.471950800915332,0.47195080091533187,1,83,828,1,0,65,2,0.7692307692307693,1.0,-0.0,3.452588508593042,0.15082437887315933,0.3234548154836236,0.9621408450704224,0.15504225352112683,0.2498309859154927,0.5572676056338028,0.0,0.8070985915492954,9,15,29,0,44,46,20,26,0,15,12,3,54,27,4,4,0,0,1,3
final,hard,600054,0.3679633867276888,0.3679633867276888,0,75,743,1,0,65,2,0.7692307692307693,1.0,-0.0,2.729417864591785,0.1190916440916441,0.1804990065404118,0.9373521126760554,0.407267605633802,0.1929014084507042,0.33718309859154927,0.0,0.5300845070422534,30,3,20,0,23,9,0,9,0,15,12,3,44,22,0,4,0,4,0,2
final,hard,600055,0.4376144164759723,0.4376144164759723,0,80,793,1,0,65,2,0.7692307692307693,1.0,-0.0,3.069797759769376,0.17810016987232177,0.2956357494728329,0.9589577464788733,0.12033802816901418,0.14464788732394365,0.6567605633802817,0.037211267605633806,0.8386197183098592,4,12,36,5,53,34,6,27,1,15,8,7,37,15,4,4,0,0,0,4
final,hard,600056,2.584616704805492,0.5846167048054921,2,79,783,1,0,65,3,0.6461538461538462,1.0,-0.0,2.5160087872567165,0.25796703296703294,0.08271462475654436,0.9220000000000002,0.15200000000000008,0.17704225352112674,0.5854647887323944,0.007492957746478876,0.77,6,12,30,2,44,41,14,26,1,15,15,0,65,26,4,4,0,0,1,3
final,hard,600057,2.741762013729977,0.7417620137299771,2,98,974,1,0,65,3,0.6461538461538462,1.0,-0.0,2.226468104207688,0.39633167519765455,0.13477342586044896,0.9291830985915489,0.1552957746478874,0.27777464788732364,0.49611267605633785,0.0,0.7738873239436616,9,15,27,0,42,37,22,15,0,15,14,1,70,34,4,4,0,0,1,5
final,hard,600058,1.4689931350114416,0.46899313501144163,1,79,781,1,0,65,2,0.7692307692307693,1.0,-0.0,1.9409218969091537,0.15129682727085322,0.21906189333542445,0.992760563380281,0.0455774647887324,0.4275774647887318,0.5196056338028168,0.0,0.9471830985915485,1,34,28,0,62,47,26,21,0,15,2,13,10,5,4,4,0,0,1,2
final,hard,600059,0.4477860411899313,0.4477860411899313,0,79,782,1,0,65,2,0.7692307692307693,1.0,-0.0,2.3047073212673017,0.2999921730690961,0.26706913871454385,0.9154929577464781,0.10546478873239444,0.31577464788732357,0.49425352112676013,0.0,0.8100281690140837,4,3,43,0,46,38,20,18,0,15,15,0,67,31,4,4,0,0,0,3
final,hard,600060,1.4233409610983982,0.4233409610983982,1,70,696,1,0,65,2,0.7692307692307693,1.0,-0.0,2.7054753344247042,0.2078455361064057,0.0,0.9310422535211268,0.13335211267605646,0.18481690140845064,0.6128732394366198,0.0,0.7976901408450705,6,13,32,0,45,35,10,25,0,15,14,1,56,28,0,4,0,4,1,2
final,hard,600061,0.4562929061784897,0.4562929061784897,0,81,810,1,0,65,2,0.7692307692307693,1.0,-0.0,2.301099119834998,0.2116411592429692,0.32127917825953844,0.9999999999999993,0.2206760563380279,0.3126760563380277,0.39028169014084513,0.0763661971830986,0.7793239436619714,20,20,10,15,45,41,25,14,2,15,0,15,0,0,4,4,0,0,0,4
final,hard,600062,2.6076773455377573,0.6076773455377573,2,79,785,1,0,65,2,0.7692307692307693,1.0,-0.0,3.0692283581771345,0.19925722425722425,0.3722225751313727,0.9154929577464783,0.012394366197183095,0.29490140845070384,0.6081971830985914,0.0,0.9030985915492953,0,20,30,0,50,45,20,25,0,15,15,0,67,31,4,4,0,0,1,4
final,hard,600063,1.4505892448512585,0.45058924485125856,1,78,778,1,0,65,2,0.7692307692307693,1.0,-0.0,3.7599819041068927,0.1289424860853432,0.26894561404774614,0.9154929577464782,0.0539718309859155,0.3168169014084502,0.4996338028169013,0.04507042253521127,0.8615211267605628,2,19,25,4,48,51,27,23,1,15,15,0,71,33,4,4,0,0,1,2
final,hard,600064,1.5136155606407322,0.5136155606407322,1,80,792,1,0,65,3,0.6461538461538462,1.0,-0.0,2.3526955101551565,0.22221747550694923,0.11103293566284286,0.9742816901408445,0.11639436619718316,0.3711549295774641,0.48673239436619725,0.0,0.8578873239436614,6,21,27,0,48,44,24,20,0,15,11,4,55,25,4,4,0,0,0,5
final,hard,600065,2.663615560640732,0.6636155606407322,2,100,1000,0,1,65,2,0.7692307692307693,1.0,-0.0,2.495475538154639,0.1770165861074952,0.3190494724023181,0.9697464788732394,0.19552112676056327,0.15585915492957747,0.5572957746478874,0.06107042253521128,0.7742253521126761,18,9,26,8,43,29,9,18,2,15,3,12,13,5,4,4,0,0,1,4
final,hard,600066,0.31819221967963385,0.31819221967963385,0,69,685,1,0,65,2,0.7692307692307693,1.0,-0.0,2.0544036362470144,0.21789965986394558,0.0,0.9380281690140836,0.16326760563380285,0.46335211267605547,0.26318309859154926,0.048225352112676055,0.7747605633802808,14,18,15,7,40,50,39,10,1,15,11,4,39,17,0,4,0,4,0,1
final,hard,600067,0.3684210526315789,0.3684210526315789,0,82,819,1,0,65,2,0.7692307692307693,1.0,-0.0,2.531059130158977,0.11039584558103076,0.19525374957131023,0.9641126760563363,0.32799999999999924,0.5955774647887314,0.040535211267605634,0.0,0.636112676056337,14,37,4,0,41,48,46,2,0,15,10,5,44,22,4,4,0,0,0,3
final,hard,600068,0.2967276887871854,0.2967276887871854,0,75,741,1,0,65,3,0.6461538461538462,1.0,-0.0,3.399750041847615,0.1538160469667319,0.2259097194814899,0.9179718309859145,0.3236619718309852,0.30763380281690106,0.2866760563380282,0.0,0.5943098591549293,12,21,17,0,38,16,9,7,0,15,15,0,68,32,4,4,0,0,0,1
final,hard,600069,0.3890160183066362,0.3890160183066362,0,79,789,1,0,65,2,0.7692307692307693,1.0,-0.0,3.058917545076087,0.17668521954236238,0.19448321327184834,0.9341971830985913,0.11025352112676062,0.40574647887323906,0.3729295774647888,0.04526760563380281,0.8239436619718306,7,31,9,5,45,51,31,18,2,15,13,2,63,29,4,4,0,0,0,4
final,hard,600070,2.6315789473684212,0.631578947368421,2,77,766,1,0,65,3,0.6307692307692307,1.0,-0.0,1.89981185943408,0.26085018482278755,0.06006949285310672,0.9420563380281687,0.11909859154929586,0.3809859154929573,0.44197183098591547,0.0,0.8229577464788728,8,29,17,0,46,38,20,18,0,15,11,4,47,21,4,4,0,0,1,5
final,hard,600071,0.4667906178489692,0.4667906178489692,0,78,773,1,0,65,2,0.7692307692307693,1.0,-0.0,2.1779281199270724,0.18112398112398112,0.09107247068727564,0.9535774647887322,0.15504225352112685,0.30199999999999966,0.47005633802816904,0.026478873239436623,0.7985352112676053,12,10,29,4,43,44,20,23,1,15,10,5,46,23,4,4,0,0,0,4
final,hard,600072,0.4462242562929062,0.4462242562929062,0,80,797,1,0,65,2,0.7692307692307693,1.0,-0.0,1.9822508547406419,0.16466220137106213,0.37986007145169737,0.9774647887323941,0.12433802816901422,0.3163380281690137,0.5110422535211268,0.02574647887323944,0.8531267605633799,14,27,17,3,47,32,19,12,1,15,4,11,20,10,4,4,0,0,0,3
final,hard,600073,0.41337528604119,0.41337528604119,0,78,780,1,0,65,3,0.6307692307692307,1.0,-0.0,3.108629359271551,0.18179850452577725,0.2490800423088369,0.9154929577464779,0.29754929577464734,0.3688450704225347,0.24909859154929578,0.0,0.6179436619718306,18,30,2,0,32,15,11,4,0,15,15,0,75,35,4,4,0,0,0,3
final,hard,600074,0.30862128146453094,0.30862128146453094,0,78,776,1,0,65,2,0.7692307692307693,1.0,-0.0,4.003486755090853,0.10399917542774685,0.31860852696080194,0.9154929577464787,0.1795211267605634,0.3147887323943659,0.4211830985915493,0.0,0.7359718309859152,14,26,10,0,36,20,11,9,0,15,15,0,71,35,3,4,0,1,0,1
final,hard,600075,2.59954233409611,0.5995423340961098,2,82,816,1,0,65,2,0.7692307692307693,1.0,-0.0,2.474762622193423,0.2329527201853405,0.24044013735058017,0.9999999999999992,0.1781408450704225,0.3897183098591542,0.41969014084507045,0.012450704225352115,0.8218591549295766,17,30,16,2,48,43,32,10,1,15,0,15,0,0,4,4,0,0,1,6
final,hard,600076,2.65675057208238,0.6567505720823799,2,83,828,1,0,65,2,0.7692307692307693,1.0,-0.0,1.9598463426780997,0.20433089945285068,0.13903888529630046,0.9873802816901408,0.20157746478873215,0.14670422535211275,0.623605633802817,0.015492957746478873,0.7858028169014085,17,5,37,2,44,38,9,28,1,15,4,11,20,10,4,4,0,0,1,5
final,hard,600077,1.482837528604119,0.482837528604119,1,82,818,1,0,65,2,0.7692307692307693,1.0,-0.0,2.587374672026377,0.22051357733175916,0.2256626640611723,0.9999999999999999,0.17583098591549293,0.18459154929577454,0.621887323943662,0.017690140845070427,0.8241690140845068,20,11,31,3,45,43,11,31,1,15,0,15,0,0,4,4,0,0,1,4
final,hard,600078,2.5049485125858117,0.504948512585812,2,78,778,1,0,65,3,0.6461538461538462,1.0,-0.0,2.5350129821227307,0.2664414709869255,0.04985392919727938,0.9661971830985904,0.2768450704225347,0.42676056338028107,0.2583661971830986,0.004225352112676056,0.6893521126760558,12,39,7,1,47,23,18,5,0,15,6,9,30,15,4,4,0,0,1,3
final,hard,600079,2.6562471395881007,0.6562471395881005,2,100,1000,0,1,65,3,0.6461538461538462,1.0,-0.0,2.709993651190752,0.19194980104071013,0.19096731694565602,0.9042253521126761,0.08219718309859159,0.0799154929577465,0.7238028169014085,0.018309859154929577,0.8220281690140845,3,6,39,1,46,30,4,26,0,15,15,0,67,26,4,4,0,0,1,5
champion,hard,600000,0.4328375286041189,0.4328375286041189,0,80,792,1,0,65,2,0.7692307692307693,1.0,-0.0,2.558682099665658,0.172387136672851,0.22500910240424604,0.9413802816901405,0.11414084507042262,0.299521126760563,0.5277183098591549,0.0,0.827239436619718,4,21,28,0,49,47,17,30,0,15,12,3,52,23,4,4,0,0,0,3
champion,hard,600001,2.546338672768879,0.5463386727688787,2,84,834,1,0,65,2,0.7692307692307693,1.0,-0.0,3.331353856342029,0.11416996657960515,0.3463025143727,0.9501126760563374,0.050704225352112685,0.35878873239436565,0.5406197183098591,0.0,0.8994084507042247,4,21,29,0,50,46,25,21,0,15,11,4,47,22,4,4,0,0,1,2
champion,hard,600002,0.28849542334096034,0.28849542334096034,0,78,775,1,0,65,2,0.7692307692307693,1.0,-0.0,2.8824113551407655,0.06896710374971243,0.12895327235154744,0.9211267605633796,0.08481690140845075,0.472478873239436,0.36383098591549295,0.0,0.836309859154929,5,29,17,0,46,59,41,18,0,15,14,1,54,27,4,4,0,0,0,2
champion,hard,600003,0.4429633867276887,0.4429633867276887,0,75,750,1,0,65,2,0.7692307692307693,1.0,-0.0,2.524982656520454,0.1390154129284564,0.06569160682992212,0.9711549295774643,0.19104225352112664,0.39045070422535166,0.37216901408450703,0.017492957746478875,0.7801126760563375,6,32,19,2,53,44,27,16,1,15,6,9,24,12,4,4,0,0,0,4
champion,hard,600004,1.4830491990846681,0.48304919908466815,1,81,803,1,0,65,2,0.7692307692307693,1.0,-0.0,3.0807279799383624,0.09993227493227494,0.15239532474594109,0.9179718309859154,0.06636619718309861,0.17478873239436613,0.5995774647887324,0.07723943661971831,0.8516056338028168,2,17,22,9,48,37,9,26,2,15,15,0,69,32,4,4,0,0,1,1
champion,hard,600005,1.4148741418764301,0.4148741418764302,1,72,713,1,0,65,2,0.7692307692307693,1.0,-0.0,3.2393459002963687,0.15794448578209971,0.14647008540714332,0.9211267605633794,0.05149295774647888,0.44422535211267516,0.42540845070422534,0.0,0.8696338028169006,2,27,22,0,49,25,10,15,0,15,14,1,66,33,0,4,0,4,1,1
champion,hard,600006,0.40159610983981703,0.40159610983981703,0,76,754,1,0,65,2,0.7692307692307693,1.0,-0.0,2.382544253725271,0.17799512799512798,0.15963936370857534,0.9244788732394358,0.2737746478873235,0.27101408450704195,0.3754647887323943,0.004225352112676056,0.6507042253521125,13,16,20,1,37,24,11,13,0,15,15,0,63,29,4,4,0,0,0,3
champion,hard,600007,2.8755148741418766,0.8755148741418765,2,88,876,1,0,65,2,0.7692307692307693,1.0,-0.0,2.3851543614708786,0.2304533907982184,0.15326426321873934,0.9179718309859147,0.1700281690140845,0.33909859154929517,0.3212957746478873,0.08754929577464787,0.7479436619718304,8,24,12,6,42,32,22,9,1,15,15,0,67,27,4,4,0,0,1,5
champion,hard,600008,2.5140217391304347,0.5140217391304348,2,77,763,1,0,65,3,0.7692307692307693,1.0,-0.0,1.9526948743676338,0.34466089466089467,0.018287719372857978,0.9436619718309855,0.07563380281690142,0.2702535211267602,0.5977746478873239,0.0,0.8680281690140841,7,13,35,0,48,49,24,25,0,15,10,5,45,21,4,4,0,0,1,2
champion,hard,600009,0.3873398169336384,0.3873398169336384,0,79,785,1,0,65,2,0.7692307692307693,1.0,-0.0,3.251387831548705,0.15045787545787545,0.28554246530287675,0.9154929577464782,0.050873239436619734,0.480422535211267,0.3841971830985916,0.0,0.8646197183098585,2,24,24,0,48,55,37,18,0,15,15,0,75,33,4,4,0,0,0,3
champion,hard,600010,2.796224256292906,0.7962242562929062,2,91,908,1,0,65,2,0.7692307692307693,1.0,-0.0,2.021252263014351,0.21909308374994652,0.33261776742330496,0.9154929577464781,0.2966760563380275,0.1935774647887323,0.3301971830985916,0.09504225352112676,0.6188169014084506,16,12,15,7,34,30,18,11,1,15,15,0,71,30,4,4,0,0,1,5
champion,hard,600011,2.528604118993135,0.528604118993135,2,69,690,1,0,65,3,0.7692307692307693,1.0,-0.0,1.4526882133364676,0.29793238776289627,0.0585029419302338,0.9235492957746477,0.0846760563380282,0.24878873239436589,0.4633239436619719,0.1267605633802817,0.8388732394366195,3,17,20,10,47,30,14,15,1,15,15,0,67,33,0,4,0,4,1,5
champion,hard,600012,0.3318077803203661,0.3318077803203661,0,71,708,1,0,65,2,0.7692307692307693,1.0,-0.0,3.42226965475195,0.16136054421768706,0.0,0.9154929577464787,0.0663661971830986,0.3422535211267601,0.5068732394366199,0.0,0.8491267605633799,4,19,27,0,46,57,27,30,0,15,15,0,71,33,0,4,0,4,0,2
champion,hard,600013,2.632265446224256,0.6322654462242563,2,82,813,1,0,65,2,0.7692307692307693,1.0,-0.0,2.9482487099235173,0.20150357187394224,0.3767253762507028,0.9154929577464788,0.19264788732394356,0.17707042253521127,0.5457746478873239,0.0,0.7228450704225352,10,11,29,0,40,41,12,29,0,15,15,0,67,31,4,4,0,0,1,4
champion,hard,600014,2.7477688787185355,0.7477688787185355,2,100,1000,0,1,65,2,0.7692307692307693,1.0,-0.0,1.9457454094338091,0.3437710437710437,0.06164071762008735,0.9045633802816903,0.16287323943661977,0.12039436619718312,0.6180845070422535,0.0032112676056338034,0.7416901408450705,7,7,32,1,40,27,7,20,0,15,15,0,65,32,4,4,0,0,1,5
champion,hard,600015,1.545366132723112,0.5453661327231121,1,69,689,1,0,65,3,0.7692307692307693,1.0,-0.0,2.516421964586766,0.20083849841914359,0.11462476723392974,0.9267605633802813,0.13025352112676064,0.3042253521126756,0.4612957746478873,0.030985915492957747,0.7965070422535208,4,24,20,4,48,45,22,22,1,15,13,2,53,24,0,4,0,4,0,6
champion,hard,600016,2.6274599542334096,0.6274599542334096,2,81,810,1,0,65,2,0.7692307692307693,1.0,-0.0,2.429609416453421,0.2704580142080142,0.2784506769898619,0.9267605633802816,0.2204507042253519,0.0822535211267606,0.5850140845070423,0.039042253521126766,0.7063098591549297,10,4,32,6,42,22,2,19,1,15,13,2,57,26,4,4,0,0,1,3
champion,hard,600017,1.5082951945080092,0.5082951945080092,1,100,1000,0,1,65,2,0.7692307692307693,1.0,-0.0,2.6017794374175898,0.08751889644746787,0.12705393990328395,0.9814929577464787,0.15391549295774656,0.29188732394366174,0.506112676056338,0.029577464788732393,0.8275774647887321,17,27,16,2,45,47,24,22,1,15,2,13,10,5,4,4,0,0,0,4
champion,hard,600018,0.46233981693363746,0.46233981693363746,0,79,782,1,0,65,2,0.7692307692307693,1.0,-0.0,2.459689628745987,0.17856573625804395,0.17167633816924824,0.983098591549295,0.21740845070422504,0.32152112676056294,0.4258591549295774,0.018309859154929577,0.7656901408450698,18,18,25,1,44,45,25,20,0,15,3,12,15,5,4,4,0,0,0,5
champion,hard,600019,0.32265446224256294,0.32265446224256294,0,78,772,1,0,65,2,0.7692307692307693,1.0,-0.0,2.778170514081147,0.0825283446712018,0.01854921585002177,0.954140845070422,0.24695774647887284,0.23743661971830973,0.4697464788732394,0.0,0.7071830985915492,10,18,26,0,44,27,10,17,0,15,11,4,39,17,4,4,0,0,0,2
champion,hard,600020,2.6399885583524028,0.6399885583524028,2,75,747,1,0,65,5,0.38461538461538464,0.8461538461538461,0.43584180855999094,1.35932114280492,0.4292323292323293,0.1635180906518363,0.9154929577464789,0.20904225352112674,0.0934929577464789,0.6129577464788732,0.0,0.7064507042253522,16,7,27,0,34,25,5,20,0,15,15,0,69,32,4,4,0,0,1,5
champion,hard,600021,0.34898169336384444,0.34898169336384444,0,73,727,1,0,65,2,0.7692307692307693,1.0,-0.0,3.331348152059465,0.11646624979958314,0.14858556209197993,0.9195211267605623,0.3034366197183092,0.35569014084507,0.256,0.004394366197183101,0.6160845070422531,16,25,7,2,34,22,14,7,1,15,15,0,75,30,1,4,0,3,0,2
champion,hard,600022,0.3872425629290618,0.3872425629290618,0,69,689,1,0,65,3,0.6153846153846154,1.0,-0.0,2.874790131189286,0.12028478057889821,0.0,0.9436619718309855,0.11447887323943669,0.40763380281690087,0.4153239436619719,0.006225352112676058,0.8291830985915489,12,20,22,1,43,52,32,20,0,15,10,5,44,22,0,3,0,5,0,3
champion,hard,600023,2.8748855835240272,0.8748855835240275,2,96,960,1,0,65,2,0.7692307692307693,1.0,-0.0,2.2160839227393816,0.32792330476541004,0.2328316228740721,0.9267605633802809,0.23819718309859128,0.28769014084507,0.3840281690140845,0.016845070422535215,0.6885633802816896,16,13,19,4,36,24,9,14,1,15,13,2,46,21,4,4,0,0,1,7
champion,hard,600024,1.4763157894736842,0.4763157894736842,1,78,772,1,0,65,2,0.7692307692307693,1.0,-0.0,2.370128367669736,0.07736145236145235,0.13695125030977812,0.927887323943662,0.13185915492957756,0.2238591549295773,0.572169014084507,0.0,0.7960281690140844,8,17,25,0,42,39,12,27,0,15,15,0,61,28,4,4,0,0,1,2
champion,hard,600025,2.536899313501144,0.5368993135011442,2,78,780,1,0,65,2,0.7692307692307693,1.0,-0.0,3.4243514246384468,0.16719629576772438,0.3151286595364674,0.9154929577464789,0.11216901408450711,0.2157183098591548,0.5858591549295775,0.0017464788732394364,0.8033239436619718,5,12,32,1,45,41,12,29,0,15,15,0,67,31,4,4,0,0,1,4
champion,hard,600026,1.482837528604119,0.482837528604119,1,78,774,1,0,65,5,0.3230769230769231,0.8,0.4930630423151191,1.9371196359210414,0.29745263696876595,0.17662443029624572,0.9678309859154931,0.10861971830985923,0.151830985915493,0.6331830985915493,0.07419718309859157,0.8592112676056339,7,5,38,5,48,27,4,22,1,15,10,5,50,25,4,4,0,0,1,4
champion,hard,600027,0.3675629290617849,0.3675629290617849,0,78,779,1,0,65,2,0.7692307692307693,1.0,-0.0,3.8544621563986547,0.1427999850077772,0.23150535499096958,0.9154929577464778,0.35960563380281596,0.3060563380281687,0.2009295774647888,0.04890140845070423,0.5558873239436617,17,14,14,5,33,16,3,12,1,15,15,0,71,35,2,4,0,2,0,2
champion,hard,600028,0.43923340961098406,0.43923340961098406,0,77,761,1,0,65,2,0.7692307692307693,1.0,-0.0,2.355506525638625,0.12961599803705068,0.09797216985035602,0.9372394366197179,0.16878873239436618,0.31073239436619676,0.40560563380281695,0.05211267605633803,0.7684507042253518,8,24,15,4,43,41,22,18,1,15,14,1,70,34,4,4,0,0,0,4
champion,hard,600029,0.21172768878718534,0.21172768878718534,0,68,671,1,0,65,2,0.7692307692307693,1.0,-0.0,3.3368569911529486,0.10672826344468136,0.0,0.980704225352112,0.08219718309859159,0.5911549295774641,0.3073521126760564,0.0,0.8985070422535205,3,40,15,0,55,65,45,20,0,15,7,8,28,13,0,2,0,6,0,2
champion,hard,600030,0.2548398169336384,0.2548398169336384,0,75,746,1,0,65,2,0.7692307692307693,1.0,-0.0,3.9275341748409445,0.07948305448305448,0.20542824546633032,0.9154929577464785,0.07921126760563384,0.3681126760563376,0.3914929577464789,0.07667605633802817,0.8362816901408446,6,28,11,5,44,51,30,20,1,15,15,0,71,30,4,4,0,0,0,1
champion,hard,600031,0.32831807780320366,0.32831807780320366,0,77,761,1,0,65,2,0.7692307692307693,1.0,-0.0,2.608819733695813,0.13990723081632173,0.048871460065345436,0.9267605633802815,0.10828169014084513,0.3438309859154926,0.47464788732394364,0.0,0.8184788732394362,8,30,14,0,44,42,26,16,0,15,13,2,50,23,4,4,0,0,0,2
champion,hard,600032,2.5334553775743704,0.5334553775743703,2,80,795,1,0,65,2,0.7692307692307693,1.0,-0.0,2.609270681427774,0.1869600018037518,0.0889384225421046,0.9565633802816896,0.05611267605633804,0.2737183098591545,0.606225352112676,0.02050704225352113,0.9004507042253517,3,14,34,2,50,38,16,21,1,15,12,3,52,26,4,4,0,0,1,4
champion,hard,600033,2.586212814645309,0.5862128146453089,2,84,840,1,0,65,2,0.7692307692307693,1.0,-0.0,3.4940730323538967,0.14576534576534575,0.3008298761940734,0.9154929577464789,0.09211267605633808,0.07250704225352114,0.7508732394366197,0.0,0.8233802816901409,3,5,42,0,47,38,5,33,0,15,15,0,53,24,4,4,0,0,1,4
champion,hard,600034,2.720194508009153,0.7201945080091533,2,86,860,1,0,65,2,0.7692307692307693,1.0,-0.0,3.5491810008111937,0.15201733839259277,0.4220281923967965,0.9919718309859147,0.12529577464788744,0.4318873239436611,0.4347887323943662,0.0,0.8666760563380274,4,35,21,0,56,28,12,16,0,15,5,10,19,7,4,4,0,0,1,6
champion,hard,600035,0.461441647597254,0.461441647597254,0,71,704,1,0,65,3,0.7692307692307693,1.0,-0.0,2.500670267458835,0.18139389631926944,0.13183305763093128,0.9154929577464785,0.23856338028168977,0.20442253521126752,0.4344788732394366,0.038028169014084505,0.6769295774647887,9,15,22,4,41,26,10,15,1,15,15,0,71,33,1,4,0,3,0,4
champion,hard,600036,2.5666361556064072,0.5666361556064072,2,80,797,1,0,65,2,0.7692307692307693,1.0,-0.0,2.356448062537525,0.211996336996337,0.21754751394874516,0.9154929577464785,0.06422535211267608,0.35287323943661936,0.4871267605633803,0.011267605633802818,0.8512676056338024,3,18,28,1,47,39,21,18,0,15,15,0,71,35,4,4,0,0,1,3
champion,hard,600037,2.5494279176201373,0.5494279176201373,2,81,807,1,0,65,2,0.7692307692307693,1.0,-0.0,2.8335224155644285,0.1249129342879343,0.3676982755004306,0.958957746478873,0.14149295774647896,0.3219154929577462,0.4955492957746479,0.0,0.8174647887323941,11,23,23,0,46,44,25,19,0,15,8,7,34,17,4,4,0,0,1,5
champion,hard,600038,0.33076659038901607,0.33076659038901607,0,77,765,1,0,65,2,0.7692307692307693,1.0,-0.0,2.981446674584731,0.09016108269839614,0.12196605384299816,0.9154929577464782,0.24554929577464754,0.287070422535211,0.3294647887323943,0.05340845070422536,0.6699436619718306,9,17,20,4,41,21,12,8,1,15,15,0,65,30,2,4,0,2,0,1
champion,hard,600039,0.42790045766590395,0.42790045766590395,0,78,778,1,0,65,2,0.7692307692307693,1.0,-0.0,2.3565104670540125,0.15470437970437972,0.15111283369396883,0.9229295774647881,0.2569859154929573,0.26022535211267583,0.40149295774647886,0.004225352112676056,0.6659436619718307,11,16,22,1,39,27,11,16,0,15,15,0,66,31,4,4,0,0,0,4
champion,hard,600040,0.3580091533180778,0.3580091533180778,0,72,718,1,0,65,2,0.7692307692307693,1.0,-0.0,3.5434258032934185,0.10287787330040851,0.1319839786163892,0.9654084507042249,0.08219718309859159,0.5350704225352109,0.33687323943661973,0.011267605633802818,0.8832112676056334,3,46,6,1,53,46,34,12,0,15,9,6,45,20,0,4,0,4,0,3
champion,hard,600041,2.5615846681922196,0.5615846681922195,2,80,795,1,0,65,2,0.7692307692307693,1.0,-0.0,2.2584631033601257,0.24659708632311375,0.06309389398912955,0.9267605633802812,0.08191549295774651,0.3294366197183093,0.4647605633802817,0.050647887323943666,0.8448450704225346,4,22,22,4,48,47,30,16,1,15,13,2,65,30,4,4,0,0,1,5
champion,hard,600042,1.4193363844393594,0.4193363844393593,1,82,817,1,0,65,2,0.7692307692307693,1.0,-0.0,3.356250545923298,0.0898785028414658,0.25192650781717285,0.9267605633802815,0.15290140845070427,0.3406197183098587,0.43323943661971837,0.0,0.7738591549295771,9,15,28,0,43,56,30,26,0,15,13,2,65,24,4,4,0,0,1,2
champion,hard,600043,1.4859267734553776,0.48592677345537755,1,81,809,1,0,65,2,0.7692307692307693,1.0,-0.0,3.0593071500684244,0.12982720514366083,0.3133460531450683,0.9211267605633802,0.05149295774647888,0.1807042253521126,0.6889295774647887,0.0,0.8696338028169014,2,22,27,0,49,36,9,27,0,15,14,1,59,28,4,4,0,0,1,2
champion,hard,600044,1.5032036613272313,0.5032036613272312,1,85,848,1,0,65,2,0.7692307692307693,1.0,-0.0,2.531461941760153,0.1920016456670592,0.3228818302539475,0.948619718309859,0.10749295774647895,0.2069295774647886,0.6132957746478873,0.02090140845070423,0.8411267605633802,5,13,33,4,50,41,16,24,1,15,10,5,44,22,4,4,0,0,0,5
champion,hard,600045,1.6417791762013727,0.6417791762013726,1,84,836,1,0,65,2,0.7692307692307693,1.0,-0.0,2.780107601436586,0.2622872442149551,0.2810301371237888,0.9154929577464778,0.33546478873239355,0.2918591549295772,0.288169014084507,0.0,0.5800281690140843,9,25,16,0,41,31,21,10,0,15,15,0,61,28,4,4,0,0,0,5
champion,hard,600046,0.3684210526315789,0.3684210526315789,0,75,749,1,0,65,2,0.7692307692307693,1.0,-0.0,2.584986596021551,0.058649842221270794,0.09151791952644293,0.946084507042253,0.05771830985915494,0.4617746478873234,0.4201690140845071,0.006422535211267607,0.8883661971830982,3,30,19,2,51,55,35,19,1,15,11,4,51,25,4,4,0,0,0,3
champion,hard,600047,2.680091533180778,0.6800915331807781,2,84,831,1,0,65,2,0.7692307692307693,1.0,-0.0,2.086105892770779,0.3227811679618908,0.08756177207546056,0.9154929577464788,0.17335211267605627,0.19242253521126754,0.5271830985915493,0.022535211267605635,0.7421408450704226,10,15,23,2,40,32,16,15,1,15,15,0,69,31,4,4,0,0,1,5
champion,hard,600048,2.6136155606407323,0.6136155606407323,2,100,1000,0,1,65,2,0.7692307692307693,1.0,-0.0,1.894911734842578,0.11714463987191258,0.29397880218337685,0.9816901408450699,0.27312676056337976,0.15307042253521125,0.535774647887324,0.01971830985915493,0.7085633802816902,23,12,26,3,41,24,6,17,1,15,0,15,0,0,4,4,0,0,1,5
champion,hard,600049,0.42610411899313455,0.42610411899313455,0,77,761,1,0,65,2,0.7692307692307693,1.0,-0.0,2.9229792704461497,0.19417441285811585,0.3065653636688747,0.958535211267605,0.09949295774647895,0.33659154929577423,0.5009295774647885,0.02152112676056338,0.8590422535211261,7,17,29,2,48,47,26,20,1,15,10,5,44,22,4,4,0,0,0,3
champion,hard,600050,0.2658466819221968,0.2658466819221968,0,77,766,1,0,65,2,0.7692307692307693,1.0,-0.0,3.0574411318232504,0.1254519615175353,0.2736304865086949,0.9967887323943654,0.09898591549295782,0.5377746478873233,0.36002816901408435,0.0,0.8978028169014076,5,41,17,0,58,51,33,18,0,15,2,13,10,5,4,4,0,0,0,3
champion,hard,600051,1.3790732265446226,0.37907322654462255,1,76,755,1,0,65,2,0.7692307692307693,1.0,-0.0,3.766304578653988,0.15660221260221258,0.1052781828180489,0.9154929577464787,0.09529577464788737,0.29645070422535175,0.5152957746478873,0.008450704225352112,0.8201971830985912,8,20,20,2,42,33,17,15,1,15,15,0,69,32,4,4,0,0,1,1
champion,hard,600052,0.41418764302059496,0.41418764302059496,0,77,769,1,0,65,2,0.7692307692307693,1.0,-0.0,2.277831481026108,0.2199561403508772,0.03602258904848985,0.9927605633802811,0.09059154929577469,0.384309859154929,0.5178591549295775,0.0,0.9021690140845064,4,30,29,0,59,50,27,23,0,15,2,13,10,5,4,4,0,0,0,4
champion,hard,600053,0.41973684210526313,0.41973684210526313,0,79,787,1,0,65,2,0.7692307692307693,1.0,-0.0,2.5445858208041208,0.06627132380557038,0.29342734385107316,0.9684507042253517,0.20492957746478857,0.24633802816901382,0.5171830985915493,0.0,0.7635211267605632,10,18,27,0,45,45,21,24,0,15,10,5,44,17,4,4,0,0,0,3
champion,hard,600054,1.507974828375286,0.5079748283752861,1,83,824,1,0,65,2,0.7692307692307693,1.0,-0.0,1.8891072512590057,0.19552859421280475,0.21709456587516773,0.9585352112676049,0.3182253521126753,0.17895774647887322,0.41628169014084504,0.04507042253521127,0.6403098591549296,13,11,27,4,42,21,5,15,1,15,10,5,40,17,4,4,0,0,0,3
champion,hard,600055,2.54324942791762,0.5432494279176201,2,80,800,1,0,65,2,0.7692307692307693,1.0,-0.0,2.439477988960523,0.15780225400478567,0.24484796025599254,0.9750704225352114,0.0861971830985916,0.14414084507042257,0.6680845070422536,0.07664788732394366,0.8888732394366199,2,11,38,6,55,34,6,26,2,15,8,7,34,12,4,4,0,0,1,3
champion,hard,600056,2.5624313501144167,0.5624313501144166,2,76,757,1,0,65,2,0.7692307692307693,1.0,-0.0,1.9963318902592804,0.2333285333285333,0.038782242403557585,0.9195211267605634,0.13025352112676067,0.131774647887324,0.6536619718309857,0.0038309859154929573,0.7892676056338027,4,11,34,1,46,35,7,28,0,15,15,0,65,28,3,4,0,1,1,3
champion,hard,600057,2.5606407322654463,0.5606407322654462,2,76,756,1,0,65,2,0.7692307692307693,1.0,-0.0,1.9328518640578363,0.3080970672519968,0.049071288129493386,0.9154929577464788,0.09414084507042259,0.21670422535211248,0.6046478873239437,0.0,0.8213521126760561,7,17,26,0,43,41,21,20,0,15,15,0,65,33,4,4,0,0,1,4
champion,hard,600058,0.4311727688787181,0.4311727688787181,0,78,778,1,0,65,2,0.7692307692307693,1.0,-0.0,2.7383949025348646,0.15303294375875018,0.289766541865618,0.9999999999999992,0.13132394366197192,0.43301408450704165,0.4356619718309857,0.0,0.8686760563380274,7,35,23,0,58,47,26,21,0,15,0,15,0,0,4,4,0,0,0,3
champion,hard,600059,0.33420480549199083,0.33420480549199083,0,78,780,1,0,65,2,0.7692307692307693,1.0,-0.0,2.7191287051410544,0.2275703373105971,0.24215753825544287,0.9154929577464781,0.09656338028169019,0.4021690140845065,0.3970422535211265,0.01971830985915493,0.8189295774647879,6,6,35,3,44,44,25,18,1,15,15,0,68,30,4,4,0,0,0,2
champion,hard,600060,0.40869565217391307,0.40869565217391307,0,71,709,1,0,65,2,0.7692307692307693,1.0,-0.0,2.6761219967612755,0.21688723974438257,0.0,0.9154929577464789,0.0539718309859155,0.1932394366197182,0.668281690140845,0.0,0.8615211267605632,2,10,38,0,48,50,15,35,0,15,15,0,59,29,1,4,0,3,0,2
champion,hard,600061,1.628724256292906,0.6287242562929061,1,80,794,1,0,65,2,0.7692307692307693,1.0,-0.0,2.735060749790381,0.22405533987812465,0.28917580002758564,0.9179718309859151,0.13983098591549306,0.4013239436619712,0.3768169014084507,0.0,0.7781408450704219,5,27,18,0,45,49,33,16,0,15,15,0,66,30,4,4,0,0,0,5
champion,hard,600062,0.48693935926773346,0.48693935926773346,0,79,786,1,0,65,2,0.7692307692307693,1.0,-0.0,3.2348169115720933,0.20898453398453398,0.34092716567072345,0.9154929577464783,0.13318309859154942,0.42016901408450646,0.3621408450704225,0.0,0.782309859154929,8,33,9,0,42,45,33,12,0,15,15,0,72,35,4,4,0,0,0,2
champion,hard,600063,2.545474828375286,0.545474828375286,2,79,790,1,0,65,2,0.7692307692307693,1.0,-0.0,2.9353545940558545,0.15007919430996353,0.2609648260311962,0.9154929577464785,0.18574647887323936,0.31135211267605595,0.3662816901408451,0.05211267605633803,0.7297464788732391,7,17,22,4,43,21,10,10,1,15,15,0,65,31,4,4,0,0,1,2
champion,hard,600064,0.2870137299771167,0.2870137299771167,0,72,712,1,0,65,2,0.7692307692307693,1.0,-0.0,3.673034311846228,0.09052356094609615,0.08713893533738305,0.9734647887323942,0.0846760563380282,0.3839154929577461,0.5048732394366199,0.0,0.8887887323943658,3,31,22,0,53,43,10,33,0,15,9,6,45,20,0,4,0,4,0,2
champion,hard,600065,2.6756292906178487,0.6756292906178489,2,97,969,1,0,65,2,0.7692307692307693,1.0,-0.0,2.2928190954741194,0.3111883486883487,0.2689186762903509,0.9317183098591549,0.12445070422535219,0.18653521126760556,0.5287887323943662,0.09194366197183097,0.8072676056338027,6,11,25,10,46,33,13,18,2,15,13,2,53,24,4,4,0,0,1,4
champion,hard,600066,0.26533180778032034,0.26533180778032034,0,70,700,1,0,65,2,0.7692307692307693,1.0,-0.0,2.691983735333664,0.11978291316526611,0.0,0.9211267605633797,0.095718309859155,0.3846197183098586,0.4407887323943661,0.0,0.8254084507042247,4,27,20,0,47,49,29,20,0,15,14,1,54,23,0,3,0,5,0,1
champion,hard,600067,0.3684210526315789,0.3684210526315789,0,78,778,1,0,65,2,0.7692307692307693,1.0,-0.0,3.7990003415695033,0.12755851651955546,0.26629477743659274,0.9154929577464773,0.31743661971830917,0.4746760563380274,0.12338028169014084,0.0,0.5980563380281683,16,26,8,0,34,46,42,4,0,15,15,0,58,28,4,4,0,0,0,3
champion,hard,600068,0.34085240274599543,0.34085240274599543,0,76,756,1,0,65,2,0.7692307692307693,1.0,-0.0,3.5431425143551785,0.12375661375661376,0.16265936807280354,0.9211267605633794,0.25653521126760526,0.346084507042253,0.28935211267605626,0.029154929577464787,0.6645915492957742,11,19,16,5,40,27,17,9,1,15,14,1,58,26,1,4,0,3,0,2
champion,hard,600069,0.3322139588100685,0.3322139588100685,0,80,797,1,0,65,2,0.7692307692307693,1.0,-0.0,3.0708273656448775,0.17709463532248343,0.14082841759643341,0.9254084507042251,0.0945915492957747,0.4140281690140841,0.3141408450704226,0.10264788732394366,0.8308169014084503,3,27,12,8,47,44,28,14,2,15,15,0,73,34,4,4,0,0,0,4
champion,hard,600070,2.6722254004576658,0.6722254004576658,2,72,711,1,0,65,3,0.7692307692307693,1.0,-0.0,2.333802573547286,0.2585249728688258,0.10346470911157442,0.9211267605633797,0.13808450704225367,0.48890140845070357,0.28850704225352114,0.005633802816901409,0.783042253521126,7,39,4,1,44,49,36,13,0,15,14,1,58,29,3,4,0,1,1,5
champion,hard,600071,1.4922883295194507,0.49228832951945073,1,77,770,1,0,65,2,0.7692307692307693,1.0,-0.0,3.0004007505642485,0.1488373193291226,0.0897412348237467,0.9648450704225349,0.11915492957746489,0.35538028169014035,0.4694084507042254,0.020901408450704227,0.84569014084507,10,30,13,4,47,50,30,19,1,15,8,7,40,20,4,4,0,0,1,4
champion,hard,600072,0.4462242562929062,0.4462242562929062,0,81,806,1,0,65,2,0.7692307692307693,1.0,-0.0,2.620797940469089,0.19520269323436745,0.42725953524322957,0.9761126760563374,0.12050704225352124,0.37484507042253473,0.4528169014084506,0.027943661971830982,0.8556056338028163,12,32,11,4,47,37,21,15,1,15,6,9,30,15,4,4,0,0,0,3
champion,hard,600073,1.4909267734553775,0.49092677345537755,1,79,789,1,0,65,2,0.7692307692307693,1.0,-0.0,2.2935416352044182,0.24647759647759643,0.25110973393450986,0.9179718309859155,0.12225352112676065,0.07109859154929579,0.6795492957746477,0.04507042253521127,0.7957183098591548,10,2,34,4,40,36,3,32,1,15,15,0,67,31,4,4,0,0,1,4
champion,hard,600074,0.32427345537757435,0.32427345537757435,0,80,794,1,0,65,2,0.7692307692307693,1.0,-0.0,3.802131573098684,0.11014667470363672,0.2994007284504291,0.915492957746478,0.26495774647887277,0.31459154929577426,0.33594366197183095,0.0,0.6505352112676053,8,7,35,0,42,16,6,10,0,15,15,0,73,34,4,4,0,0,0,2
champion,hard,600075,2.5096681922196797,0.5096681922196796,2,82,816,1,0,65,2,0.7692307692307693,1.0,-0.0,2.3733368955292433,0.15872303279710687,0.133462016636243,0.9670140845070417,0.10202816901408457,0.40543661971830924,0.4595492957746479,0.0,0.8649859154929572,3,33,21,0,54,47,28,19,0,15,8,7,32,15,4,4,0,0,1,4
champion,hard,600076,2.549736842105263,0.5497368421052632,2,82,820,1,0,65,2,0.7692307692307693,1.0,-0.0,2.996829262979339,0.1992032570603999,0.10900136282279103,0.9758591549295769,0.18670422535211256,0.39549295774647836,0.3936619718309859,0.0,0.7891549295774642,6,32,22,0,54,51,28,23,0,15,5,10,25,10,4,4,0,0,1,4
champion,hard,600077,2.6118993135011443,0.6118993135011441,2,100,1000,0,1,65,2,0.7692307692307693,1.0,-0.0,2.219509139777366,0.1446727514909333,0.1786759761471239,0.9887323943661968,0.2595774647887319,0.13740845070422542,0.5424788732394367,0.04926760563380282,0.729154929577465,9,20,28,7,55,27,7,18,2,15,0,15,0,0,4,4,0,0,1,5
champion,hard,600078,0.2994908466819219,0.2994908466819219,0,75,745,1,0,65,2,0.7692307692307693,1.0,-0.0,3.447293173170297,0.11994535519125683,0.0,0.9629859154929565,0.35081690140844984,0.2764507042253519,0.3357183098591549,0.0,0.6121690140845067,20,14,23,0,37,28,10,18,0,15,8,7,32,16,4,4,0,0,0,2
champion,hard,600079,0.41332951945080093,0.41332951945080093,0,77,766,1,0,65,2,0.7692307692307693,1.0,-0.0,2.1554653903107153,0.2674382716049382,0.15192685901403952,0.9380281690140841,0.20132394366197165,0.31949295774647857,0.38121126760563384,0.036,0.7367042253521124,8,26,16,4,46,37,23,12,2,15,11,4,47,21,4,4,0,0,0,3
random,hard,600000,2.585812356979405,0.585812356979405,2,92,913,1,0,65,63,0.03076923076923077,0.07692307692307693,0.777528440368053,4.586959116520577,0.13767399267399266,0.44127988304665455,0.963042253521126,0.29867605633802746,0.19473239436619716,0.4696338028169014,0.0,0.6643661971830986,21,16,21,0,37,25,9,16,0,15,7,8,33,10,4,4,0,0,1,4
random,hard,600001,0.4288329519450801,0.4288329519450801,0,76,754,1,0,65,62,0.03076923076923077,0.09230769230769231,0.7145037139735461,7.445357009580675,0.07044540644540644,0.5993093601597539,0.9323943661971819,0.4080281690140834,0.2586478873239434,0.20656338028169016,0.059154929577464786,0.5243661971830983,26,17,6,4,27,25,14,9,2,15,12,3,59,25,4,4,0,0,0,3
random,hard,600002,0.2951086956521739,0.2951086956521739,0,80,792,1,0,65,65,0.015384615384615385,0.046153846153846156,0.9057849871196362,11.085202852133063,0.03679653679653679,0.6443164196237097,0.9623661971830969,0.552591549295773,0.03563380281690141,0.3741408450704225,0.0,0.4097746478873239,35,2,20,0,22,11,2,9,0,15,8,7,40,16,4,4,0,0,0,1
random,hard,600003,0.21613272311212814,0.21613272311212814,0,79,783,1,0,65,63,0.03076923076923077,0.07692307692307693,0.852224947318203,9.050026735964996,0.03333333333333333,0.5289840924151378,0.9605633802816895,0.6278873239436613,0.10174647887323945,0.23092957746478876,0.0,0.33267605633802816,37,10,11,0,21,11,2,9,0,15,7,8,35,13,4,4,0,0,0,2
random,hard,600004,0.22522883295194498,0.22522883295194498,0,83,830,1,0,65,64,0.03076923076923077,0.06153846153846154,0.9451579199689258,7.202434413430803,0.13309222423146477,0.3804493666073428,0.9359999999999985,0.4114647887323932,0.33174647887323905,0.1927887323943662,0.0,0.5245352112676053,20,20,11,0,31,28,19,9,0,15,14,1,70,30,4,4,0,0,0,1
random,hard,600005,0.24268878718535464,0.24268878718535464,0,76,758,1,0,65,62,0.03076923076923077,0.09230769230769231,0.8270547836831115,10.274988764094166,0.09726984126984128,0.5094395748276709,0.9292394366197171,0.5975492957746467,0.08656338028169017,0.24512676056338026,0.0,0.3316901408450704,35,5,12,0,17,16,6,10,0,15,13,2,59,22,4,4,0,0,0,1
random,hard,600006,0.2213100686498856,0.2213100686498856,0,73,726,1,0,65,60,0.03076923076923077,0.09230769230769231,0.9599635044705958,8.637710532249937,0.09040816326530612,0.5146289792149031,0.9567323943661984,0.707380281690142,0.12901408450704233,0.1203380281690141,0.0,0.24935211267605642,40,6,10,0,16,10,8,2,0,15,9,6,45,6,4,4,0,0,0,0
random,hard,600007,0.49121853546910754,0.49121853546910754,0,76,755,1,0,65,62,0.03076923076923077,0.09230769230769231,0.9621196647484193,9.443036836435255,0.05094179894179894,0.5293230526444487,0.9826197183098575,0.5002253521126747,0.271183098591549,0.21121126760563383,0.0,0.48239436619718284,30,15,14,0,29,29,15,14,0,15,6,9,30,5,4,4,0,0,0,3
random,hard,600008,0.30348970251716245,0.30348970251716245,0,78,775,1,0,65,63,0.03076923076923077,0.07692307692307693,0.8635817167412803,7.8611504624509,0.1750417710944027,0.4832206664687703,0.9574084507042241,0.4433521126760551,0.17292957746478868,0.34112676056338037,0.0,0.5140563380281691,26,10,21,0,31,16,5,11,0,15,8,7,40,12,4,4,0,0,0,2
random,hard,600009,0.3956292906178489,0.3956292906178489,0,74,737,1,0,65,64,0.03076923076923077,0.06153846153846154,0.9798411759121491,8.789139173605461,0.05062830687830687,0.5949597361445628,0.9436619718309858,0.6473802816901406,0.05501408450704226,0.1920281690140845,0.049239436619718316,0.2962816901408451,37,5,9,4,18,9,1,7,1,15,10,5,46,19,4,4,0,0,0,3
random,hard,600010,0.3706064073226545,0.3706064073226545,0,80,796,1,0,65,63,0.03076923076923077,0.07692307692307693,0.9622918608967101,8.304244861816475,0.09343338143338142,0.5980835085560465,0.9461408450704213,0.48016901408450574,0.162,0.28847887323943666,0.015492957746478873,0.46597183098591555,29,10,14,2,26,10,1,8,1,15,10,5,49,15,4,4,0,0,0,2
random,hard,600011,0.3281407322654459,0.3281407322654459,0,78,778,1,0,65,63,0.03076923076923077,0.07692307692307693,0.8841993528571968,6.50258911586578,0.10473098330241186,0.49758486174330013,0.9357464788732384,0.29538028169014025,0.3396338028169009,0.30073239436619714,0.0,0.6403661971830982,17,17,18,0,35,24,14,10,0,15,13,2,63,13,4,4,0,0,0,2
random,hard,600012,0.3077917620137296,0.3077917620137296,0,77,768,1,0,65,64,0.03076923076923077,0.06153846153846154,0.8196661962067925,7.951442946418395,0.06998746867167921,0.4386368325626185,0.9294366197183088,0.3970422535211258,0.21760563380281678,0.2814647887323944,0.03332394366197184,0.5323943661971829,20,7,17,6,30,20,9,9,2,15,15,0,70,23,4,4,0,0,0,3
random,hard,600013,0.4980091533180771,0.4980091533180771,0,80,795,1,0,65,64,0.03076923076923077,0.06153846153846154,0.8852999228062527,7.782248993960702,0.08640248640248639,0.5637098133647095,0.9641690140845053,0.5120563380281675,0.2769014084507039,0.1752112676056338,0.0,0.4521126760563377,30,12,14,0,26,23,15,8,0,15,9,6,39,12,4,4,0,0,0,3
random,hard,600014,0.2669908466819222,0.2669908466819222,0,76,752,1,0,65,63,0.03076923076923077,0.07692307692307693,0.9736030603266597,14.980483470882698,0.00488888888888889,0.6107476526596491,0.9476901408450703,0.6646760563380282,0.19050704225352105,0.09250704225352112,0.0,0.2830140845070422,31,21,3,0,24,2,1,1,0,15,10,5,41,13,4,4,0,0,0,2
random,hard,600015,0.14079519450800917,0.14079519450800917,0,77,767,1,0,65,64,0.03076923076923077,0.06153846153846154,0.9205203890832077,12.22529092432969,0.03333333333333333,0.5578940625726314,0.9630422535211278,0.7035492957746489,0.08484507042253522,0.17464788732394365,0.0,0.2594929577464789,43,7,8,0,15,3,0,3,0,15,7,8,35,10,4,4,0,0,0,1
random,hard,600016,0.35635583524027464,0.35635583524027464,0,79,788,1,0,65,64,0.03076923076923077,0.06153846153846154,0.9168340149020983,9.089661079516901,0.043467643467643466,0.5141628917446517,0.9404507042253507,0.47895774647887196,0.22123943661971812,0.24025352112676054,0.0,0.4614929577464787,27,9,17,0,26,10,4,6,0,15,12,3,60,24,4,4,0,0,0,1
random,hard,600017,0.25446224256292904,0.25446224256292904,0,73,724,1,0,65,64,0.03076923076923077,0.06153846153846154,0.8130379060186598,8.640832984909533,0.052112676056338035,0.5476876702305112,0.9686197183098577,0.394225352112675,0.2728732394366194,0.30152112676056336,0.0,0.5743943661971826,25,20,13,0,33,17,12,5,0,15,7,8,35,13,4,4,0,0,0,1
random,hard,600018,0.18467391304347827,0.18467391304347827,0,79,785,1,0,65,63,0.03076923076923077,0.07692307692307693,0.9728948103119724,10.40287236376293,0.03873873873873874,0.5729223208064271,0.9729577464788716,0.5116619718309845,0.22830985915492932,0.23298591549295775,0.0,0.46129577464788707,29,17,12,0,29,13,7,6,0,15,7,8,35,5,4,4,0,0,0,3
random,hard,600019,0.23369565217391305,0.23369565217391305,0,77,765,1,0,65,64,0.03076923076923077,0.06153846153846154,0.970722066851786,10.91321077308778,0.10088888888888889,0.4896190967072788,0.9767887323943645,0.5724225352112658,0.1538028169014085,0.2505633802816901,0.0,0.40436619718309863,37,8,15,0,23,6,0,6,0,15,5,10,25,3,4,4,0,0,0,2
random,hard,600020,0.23713958810068653,0.23713958810068653,0,75,741,1,0,65,64,0.03076923076923077,0.06153846153846154,0.7571139820231112,8.16661175999286,0.10416130416130415,0.43111725769676373,0.9630422535211254,0.4034366197183088,0.26101408450704194,0.26901408450704223,0.029577464788732393,0.5596056338028166,24,15,17,2,34,18,9,9,0,15,7,8,33,6,4,4,0,0,0,2
random,hard,600021,0.2060240274599543,0.2060240274599543,0,72,713,1,0,65,63,0.03076923076923077,0.07692307692307693,0.8121646810884015,9.61677987757661,0.06720321931589537,0.5480237610513831,0.9486197183098577,0.48312676056337905,0.23045070422535188,0.22881690140845073,0.006225352112676058,0.4654929577464787,28,12,14,1,27,21,16,5,0,15,10,5,50,17,3,3,0,2,0,2
random,hard,600022,0.28272311212814644,0.28272311212814644,0,88,872,1,0,65,64,0.03076923076923077,0.06153846153846154,0.8864513447424776,11.099578776308151,0.05165525688781502,0.5927854449795841,0.9492957746478858,0.546478873239435,0.05394366197183099,0.3376056338028169,0.011267605633802818,0.4028169014084507,33,3,19,1,23,14,3,11,0,15,9,6,45,14,4,4,0,0,0,3
random,hard,600023,0.24985125858123558,0.24985125858123558,0,78,771,1,0,65,65,0.015384615384615385,0.046153846153846156,0.9729917690611823,11.839860490421895,0.017543859649122806,0.5497239405913362,0.9517746478873225,0.5911549295774634,0.1563380281690141,0.20428169014084507,0.0,0.36061971830985917,34,8,14,0,22,10,7,3,0,15,9,6,42,15,4,4,0,0,0,2
random,hard,600024,0.3538672768878718,0.3538672768878718,0,84,840,1,0,65,63,0.03076923076923077,0.07692307692307693,0.9639877160397976,9.189223316622707,0.1645567169957414,0.5007301271450935,0.9254084507042237,0.5510985915492941,0.12552112676056346,0.2487887323943662,0.0,0.37430985915492965,30,6,14,0,20,15,4,11,0,15,15,0,75,23,4,4,0,0,0,2
random,hard,600025,0.24627002288329525,0.24627002288329525,0,73,729,1,0,65,62,0.03076923076923077,0.09230769230769231,0.7172930189808269,8.63633428584224,0.14031084656084655,0.44172917301713904,0.9670140845070408,0.3333239436619711,0.47808450704225275,0.15560563380281697,0.0,0.6336901408450698,22,23,12,0,35,27,22,5,0,15,8,7,36,15,4,4,0,0,0,2
random,hard,600026,0.24897025171624715,0.24897025171624715,0,83,821,1,0,65,63,0.03076923076923077,0.07692307692307693,0.7739432022051653,7.106560638930321,0.053435927216415026,0.4970529770840703,0.9364225352112658,0.501802816901407,0.2294084507042251,0.2052112676056338,0.0,0.4346197183098589,25,23,5,0,28,17,12,5,0,15,12,3,52,21,4,4,0,0,0,2
random,hard,600027,0.4386384439359269,0.4386384439359269,0,79,788,1,0,65,64,0.03076923076923077,0.06153846153846154,0.9564490739305845,6.663405991274132,0.0754277468563183,0.5987605406979559,0.9592112676056326,0.3444507042253513,0.29588732394366163,0.3038591549295775,0.015014084507042256,0.6147605633802813,20,19,15,2,36,27,15,12,0,15,9,6,45,15,4,4,0,0,0,3
random,hard,600028,0.19305491990846674,0.19305491990846674,0,77,764,1,0,65,64,0.03076923076923077,0.06153846153846154,0.8304162849204273,9.33582797431692,0.08013784461152883,0.5626101118765895,0.9510422535211258,0.2263098591549293,0.4522535211267599,0.2724788732394366,0.0,0.7247323943661965,12,27,15,0,42,14,9,5,0,15,11,4,55,14,4,4,0,0,0,1
random,hard,600029,0.25926773455377583,0.25926773455377583,0,76,751,1,0,65,64,0.03076923076923077,0.06153846153846154,0.7710885028152618,9.411605034167756,0.11731986531986531,0.5645147005143152,0.9492957746478862,0.6243380281690131,0.23929577464788718,0.08566197183098592,0.0,0.3249577464788731,36,14,6,0,20,14,11,3,0,15,9,6,41,16,4,4,0,0,0,1
random,hard,600030,0.1797597254004577,0.1797597254004577,0,75,746,1,0,65,62,0.03076923076923077,0.09230769230769231,0.9508424018368075,11.385660661969979,0.044144144144144144,0.554283162841181,0.9598873239436605,0.5978309859154916,0.17284507042253516,0.1892112676056338,0.0,0.36205633802816894,35,12,10,0,22,16,9,7,0,15,8,7,40,12,4,4,0,0,0,1
random,hard,600031,0.24602974828375287,0.24602974828375287,0,77,768,1,0,65,63,0.03076923076923077,0.07692307692307693,0.9099579077947284,9.392555358865039,0.11497493734335838,0.46817331403573936,0.9541971830985897,0.5404507042253506,0.25912676056337997,0.15461971830985916,0.0,0.4137464788732391,30,20,5,0,25,14,10,4,0,15,10,5,50,15,4,4,0,0,0,2
random,hard,600032,0.16434782608695658,0.16434782608695658,0,75,748,1,0,65,62,0.03076923076923077,0.09230769230769231,0.9833390232697972,12.6617258142865,0.08378378378378377,0.5996257817636451,0.9285633802816884,0.5047887323943648,0.3039154929577461,0.11985915492957747,0.0,0.4237746478873236,27,15,9,0,24,11,9,2,0,15,14,1,70,26,4,4,0,0,0,0
random,hard,600033,0.3557551487414189,0.3557551487414189,0,76,758,1,0,65,61,0.03076923076923077,0.09230769230769231,0.9050578925381499,7.11502054061507,0.09863492063492063,0.45042423170711476,0.9492957746478864,0.367436619718309,0.18402816901408448,0.397830985915493,0.0,0.5818591549295774,23,11,22,0,33,28,11,17,0,15,9,6,45,14,4,4,0,0,0,2
random,hard,600034,0.2645537757437072,0.2645537757437072,0,75,749,1,0,65,59,0.046153846153846156,0.1076923076923077,0.8546880897262924,9.208256402008335,0.03153153153153153,0.5922501315887064,0.9688732394366183,0.41132394366197084,0.3445352112676052,0.21301408450704226,0.0,0.5575492957746475,24,23,10,0,33,8,3,5,0,15,8,7,36,8,4,4,0,0,0,1
random,hard,600035,0.1815617848970251,0.1815617848970251,0,87,864,1,0,65,64,0.03076923076923077,0.06153846153846154,0.8666700335123142,10.453883914037867,0.007751937984496124,0.5814124678688207,0.9704788732394348,0.5453802816901392,0.21538028169014065,0.20971830985915493,0.0,0.42509859154929563,34,14,10,0,24,3,0,3,0,15,7,8,35,10,4,4,0,0,0,1
random,hard,600036,0.2533009153318078,0.2533009153318078,0,76,758,1,0,65,61,0.03076923076923077,0.09230769230769231,0.7721662646239852,10.201470498298162,0.023015873015873017,0.5636228559617371,0.9557464788732378,0.5002816901408437,0.29295774647887285,0.16250704225352114,0.0,0.455464788732394,32,15,8,0,23,8,5,3,0,15,10,5,49,20,4,4,0,0,0,1
random,hard,600037,0.3323627002288328,0.3323627002288328,0,79,784,1,0,65,59,0.03076923076923077,0.09230769230769231,0.9041618517574199,10.88347505217876,0.05598290598290599,0.5652988166455781,0.9492957746478871,0.6556619718309858,0.2464225352112673,0.04721126760563381,0.0,0.2936338028169011,38,14,4,0,18,10,10,0,0,15,9,6,43,14,4,4,0,0,0,3
random,hard,600038,0.3883867276887872,0.3883867276887872,0,95,943,1,0,65,64,0.03076923076923077,0.06153846153846154,0.9168340149020983,6.607162148145067,0.0842451874366768,0.3755396036480418,0.9461408450704211,0.49867605633802675,0.18569014084507038,0.2434647887323944,0.018309859154929577,0.44746478873239437,31,15,8,1,24,16,9,7,0,15,10,5,42,11,4,4,0,0,0,2
random,hard,600039,0.19635583524027467,0.19635583524027467,0,75,744,1,0,65,63,0.03076923076923077,0.07692307692307693,0.8973426251998676,10.589602498918834,0.10798122065727701,0.571964723900743,0.9774647887323954,0.7029295774647897,0.12659154929577468,0.147943661971831,0.0,0.27453521126760566,45,9,7,0,16,6,4,2,0,15,4,11,20,5,4,4,0,0,0,1
random,hard,600040,0.24748283752860412,0.24748283752860412,0,100,1000,0,1,65,63,0.03076923076923077,0.07692307692307693,0.9277901274704103,7.561490076334403,0.09523809523809523,0.4823525695754479,0.9478873239436606,0.5027042253521112,0.08405633802816904,0.3611267605633803,0.0,0.4451830985915493,29,7,18,0,25,9,0,9,0,15,10,5,38,11,4,4,0,0,0,3
random,hard,600041,0.310394736842105,0.310394736842105,0,82,816,1,0,65,64,0.03076923076923077,0.06153846153846154,0.8270547836831115,8.112152647849012,0.13004115226337448,0.5704635591834866,0.9589577464788717,0.521971830985914,0.19338028169014074,0.24360563380281688,0.0,0.4369859154929577,32,11,14,0,25,15,8,7,0,15,8,7,36,10,4,4,0,0,0,3
random,hard,600042,0.30162471395880996,0.30162471395880996,0,75,748,1,0,65,61,0.03076923076923077,0.09230769230769231,0.9578758760137916,11.155180903926109,0.04157014157014157,0.5461586004232852,0.9535774647887316,0.624873239436619,0.19828169014084496,0.13042253521126762,0.0,0.3287042253521126,35,11,9,0,20,7,5,2,0,15,10,5,44,17,4,4,0,0,0,3
random,hard,600043,0.45698512585812284,0.45698512585812284,0,76,760,1,0,65,63,0.03076923076923077,0.07692307692307693,0.8323481922252516,7.898201351546296,0.09047619047619046,0.48607648690935484,0.9476901408450694,0.3603380281690132,0.19264788732394356,0.3947042253521127,0.0,0.5873521126760561,22,15,18,0,33,25,7,18,0,15,10,5,46,18,4,4,0,0,0,2
random,hard,600044,1.634673913043477,0.6346739130434772,1,86,860,1,0,65,64,0.03076923076923077,0.06153846153846154,0.8378792612560801,6.844417238609804,0.14899598393574298,0.5641772016214686,0.94050704225352,0.3913802816901398,0.19625352112676048,0.348112676056338,0.0047605633802816905,0.5491267605633802,19,12,22,1,35,22,11,11,0,15,11,4,55,20,4,4,0,0,0,5
random,hard,600045,0.2128146453089245,0.2128146453089245,0,71,708,1,0,65,63,0.03076923076923077,0.07692307692307693,0.8950727659968105,8.915388436281058,0.04730848861283644,0.47713899869529974,0.9535774647887308,0.4895492957746465,0.2297464788732392,0.23428169014084507,0.0,0.4640281690140843,28,19,8,0,27,9,6,3,0,15,10,5,45,12,4,2,0,2,0,1
random,hard,600046,0.1877688787185351,0.1877688787185351,0,75,750,1,0,65,60,0.03076923076923077,0.09230769230769231,0.8930553164079448,7.977464397918848,0.07837837837837838,0.4156725887745285,0.9549295774647872,0.4907042253521114,0.2918873239436617,0.17233802816901408,0.0,0.46422535211267574,30,20,7,0,27,18,13,5,0,15,8,7,40,9,4,4,0,0,0,1
random,hard,600047,0.3404576659038901,0.3404576659038901,0,76,755,1,0,65,61,0.03076923076923077,0.09230769230769231,0.9322646928445134,10.340525569809932,0.06279365079365079,0.5605160508150495,0.9398309859154914,0.5189014084507028,0.1623943661971831,0.25853521126760565,0.0,0.4209295774647887,21,22,10,0,32,14,5,9,0,15,12,3,60,20,4,4,0,0,0,1
random,hard,600048,0.4554919908466819,0.4554919908466819,0,79,788,1,0,65,64,0.03076923076923077,0.06153846153846154,0.7951367185643547,8.78301933339789,0.11500721500721503,0.5700671724799021,0.9423098591549278,0.5617183098591533,0.05152112676056339,0.32907042253521124,0.0,0.3805915492957746,31,3,19,0,22,20,4,16,0,15,12,3,58,21,4,4,0,0,0,4
random,hard,600049,0.43435354691075506,0.43435354691075506,0,77,767,1,0,65,63,0.03076923076923077,0.07692307692307693,0.892845491780185,8.544076549852823,0.08644907723855093,0.5725746729943064,0.9504225352112662,0.4041971830985905,0.2762816901408447,0.26974647887323944,0.0001971830985915491,0.5462253521126758,23,12,18,1,31,30,17,13,0,15,11,4,51,20,4,4,0,0,0,3
random,hard,600050,0.16638443935926772,0.16638443935926772,0,74,738,1,0,65,63,0.03076923076923077,0.07692307692307693,0.9519446066880953,12.79639512037197,0.02968036529680365,0.5312352862998957,0.9661971830985897,0.5880563380281676,0.2795492957746475,0.09859154929577464,0.0,0.37814084507042217,36,18,5,0,23,9,9,0,0,15,6,9,30,5,4,4,0,0,0,1
random,hard,600051,0.26907894736842103,0.26907894736842103,0,77,762,1,0,65,60,0.03076923076923077,0.09230769230769231,0.9401538756594028,11.334096635006714,0.07236842105263157,0.4355268719684748,0.9492957746478881,0.6860845070422542,0.07146478873239438,0.19174647887323945,0.0,0.26321126760563385,40,5,11,0,16,7,2,5,0,15,9,6,42,10,4,4,0,0,0,1
random,hard,600052,0.3098340961098398,0.3098340961098398,0,81,804,1,0,65,63,0.03076923076923077,0.07692307692307693,0.9921196907345986,8.17548948042994,0.06815476190476191,0.5243589183830222,0.9549295774647873,0.5211830985915479,0.13391549295774655,0.2895774647887324,0.010253521126760565,0.43374647887323947,33,8,15,1,24,6,0,6,0,15,8,7,40,13,4,4,0,0,0,3
random,hard,600053,0.4948798627002287,0.4948798627002287,0,100,1000,0,1,65,64,0.03076923076923077,0.06153846153846154,0.8478152259864273,6.05881867167764,0.07977392977392977,0.43855902108053324,0.9508169014084493,0.3967887323943652,0.3045633802816897,0.24946478873239436,0.0,0.554028169014084,24,15,16,0,31,33,21,12,0,15,9,6,44,14,4,4,0,0,0,4
random,hard,600054,0.27339816933638444,0.27339816933638444,0,83,830,1,0,65,62,0.03076923076923077,0.09230769230769231,0.9271826646815275,10.295278657547833,0.11222415795586528,0.5143882075692034,0.951098591549294,0.4765633802816888,0.30873239436619676,0.16580281690140847,0.0,0.47453521126760523,28,19,8,0,27,11,10,1,0,15,10,5,43,14,4,4,0,0,0,2
random,hard,600055,0.41219107551487405,0.41219107551487405,0,98,973,1,0,65,62,0.03076923076923077,0.09230769230769231,0.7890835073484577,5.428838254081936,0.2695139911634757,0.4572073182657077,0.9420563380281676,0.4777746478873227,0.26661971830985887,0.19546478873239437,0.0021971830985915504,0.46428169014084475,28,9,16,1,26,20,12,8,0,15,11,4,52,19,4,4,0,0,0,3
random,hard,600056,0.22048627002288268,0.22048627002288268,0,74,736,1,0,65,62,0.03076923076923077,0.09230769230769231,0.9564490739305845,12.176931079872077,0.013888888888888888,0.6028803952103067,0.9605633802816886,0.5527605633802801,0.11481690140845074,0.2929859154929577,0.0,0.40780281690140846,33,10,15,0,25,7,2,5,0,15,7,8,35,15,4,4,0,0,0,1
random,hard,600057,0.34279176201372996,0.34279176201372996,0,77,770,1,0,65,62,0.03076923076923077,0.09230769230769231,0.8459180915335901,7.164266858955696,0.06259398496240602,0.5778699547471732,0.9267605633802802,0.39216901408450605,0.3494929577464785,0.18509859154929578,0.0,0.5345915492957743,21,23,8,0,31,17,13,4,0,15,13,2,61,17,4,4,0,0,0,3
random,hard,600058,0.2674313501144163,0.2674313501144163,0,72,718,1,0,65,64,0.03076923076923077,0.06153846153846154,0.939179157861583,7.554265812820081,0.03850340136054422,0.5043057753859105,0.9623661971830972,0.2893521126760557,0.4643098591549288,0.20228169014084507,0.006422535211267607,0.6730140845070415,16,29,10,2,41,21,14,7,0,15,8,7,39,16,4,3,0,1,0,2
random,hard,600059,0.24549199084668197,0.24549199084668197,0,75,747,1,0,65,60,0.046153846153846156,0.1076923076923077,0.9461221859054872,12.999571674635769,0.04234234234234234,0.5600608719681002,0.9549295774647869,0.5483943661971815,0.2494647887323941,0.1570704225352113,0.0,0.40653521126760545,33,7,17,0,24,11,8,3,0,15,8,7,40,11,4,4,0,0,0,1
random,hard,600060,0.15617848970251705,0.15617848970251705,0,73,723,1,0,65,63,0.03076923076923077,0.07692307692307693,0.9490296276397646,11.241004431043699,0.052657004830917876,0.5074773145468171,0.9494929577464775,0.5556338028168999,0.12546478873239442,0.26416901408450705,0.004225352112676056,0.39385915492957746,31,9,13,1,23,14,2,12,0,15,11,4,48,17,4,3,0,1,0,0
random,hard,600061,0.3940846681922196,0.3940846681922196,0,81,801,1,0,65,64,0.03076923076923077,0.06153846153846154,0.8872653631682739,7.322016007581371,0.1280952380952381,0.46389385667307864,0.9698028169014071,0.416676056338027,0.2392957746478871,0.3106197183098591,0.0032112676056338042,0.55312676056338,23,14,19,1,34,21,8,13,0,15,8,7,38,10,4,4,0,0,0,4
random,hard,600062,0.41041189931350114,0.41041189931350114,0,88,874,1,0,65,64,0.03076923076923077,0.06153846153846154,0.944870110237757,7.107332945342594,0.099946094773681,0.5281388879490168,0.9294366197183088,0.39436619718309757,0.11630985915492958,0.4187605633802817,0.0,0.5350704225352113,19,8,23,0,31,15,3,12,0,15,15,0,72,21,4,4,0,0,0,2
random,hard,600063,0.2982608695652174,0.2982608695652174,0,75,745,1,0,65,62,0.03076923076923077,0.09230769230769231,0.8167724060087838,9.961641515598549,0.06936936936936937,0.5612445573174532,0.9598873239436603,0.4002535211267595,0.36261971830985856,0.17447887323943662,0.022535211267605635,0.5596338028169009,23,22,10,2,34,30,21,8,1,15,8,7,40,20,4,4,0,0,0,3
random,hard,600064,0.37036613272311214,0.37036613272311214,0,83,825,1,0,65,63,0.03076923076923077,0.07692307692307693,0.9091803244121824,8.173535224514891,0.05717189314750291,0.5857373967817712,0.9598873239436605,0.525971830985914,0.08442253521126762,0.339830985915493,0.009661971830985919,0.4339154929577465,32,5,18,2,25,8,0,8,0,15,8,7,40,13,4,4,0,0,0,2
random,hard,600065,0.33712814645308925,0.33712814645308925,0,84,837,1,0,65,64,0.03076923076923077,0.06153846153846154,0.94708127327008,9.154861061892634,0.05421686746987952,0.5141907383406599,0.9382253521126748,0.48385915492957615,0.0936056338028169,0.33270422535211264,0.028056338028169016,0.4543661971830986,26,5,18,3,26,11,0,10,1,15,13,2,60,19,4,4,0,0,0,2
random,hard,600066,0.31069794050343247,0.31069794050343247,0,83,822,1,0,65,63,0.03076923076923077,0.07692307692307693,0.746907245512095,8.593649465107468,0.07029616724738676,0.5399987920846545,0.9323943661971815,0.5425633802816886,0.03946478873239437,0.3503661971830986,0.0,0.3898309859154929,32,1,20,0,21,21,2,19,0,15,12,3,56,23,4,4,0,0,0,2
random,hard,600067,0.24749427917620143,0.24749427917620143,0,74,733,1,0,65,61,0.03076923076923077,0.09230769230769231,0.8148540727180869,9.153002283865153,0.1051643192488263,0.4472478446307473,0.9517746478873219,0.489802816901407,0.2957746478873235,0.15492957746478872,0.011267605633802818,0.46197183098591504,26,17,12,1,30,21,20,1,0,15,9,6,45,13,4,4,0,0,0,1
random,hard,600068,0.16466247139588097,0.16466247139588097,0,82,815,1,0,65,64,0.03076923076923077,0.06153846153846154,0.9141812140557668,10.611984049154675,0.09465020576131689,0.5316579642112714,0.9774647887323932,0.6000845070422525,0.1735211267605633,0.20385915492957746,0.0,0.3773802816901408,38,13,10,0,23,14,11,3,0,15,4,11,20,5,4,4,0,0,0,1
random,hard,600069,0.2501315789473685,0.2501315789473685,0,76,760,1,0,65,63,0.03076923076923077,0.07692307692307693,0.8160457427966399,7.055223084902363,0.055015873015873025,0.4827834986755255,0.9573521126760555,0.38833802816901314,0.12622535211267608,0.431718309859155,0.011070422535211268,0.5690140845070423,23,11,20,2,33,17,4,13,0,15,9,6,45,12,4,4,0,0,0,2
random,hard,600070,0.4656178489702518,0.4656178489702518,0,78,771,1,0,65,61,0.03076923076923077,0.09230769230769231,0.9016670421978336,10.349184854768183,0.08303049289891394,0.5642734195126454,0.9537746478873226,0.4927887323943648,0.12498591549295775,0.3360000000000001,0.0,0.4609859154929578,28,10,15,0,25,17,7,10,0,15,12,3,56,16,4,4,0,0,0,2
random,hard,600071,0.31925057208237984,0.31925057208237984,0,77,767,1,0,65,64,0.03076923076923077,0.06153846153846154,0.8028804223731063,10.029243264362709,0.024761904761904763,0.47793676552528247,0.9454647887323927,0.5763943661971814,0.06490140845070423,0.2951267605633803,0.009042253521126763,0.3690704225352113,31,4,17,2,23,19,5,13,1,15,11,4,55,21,4,4,0,0,0,2
random,hard,600072,0.4919908466819222,0.4919908466819222,0,76,759,1,0,65,64,0.03076923076923077,0.06153846153846154,0.8146185096082073,7.883402849918598,0.12142353942353942,0.5644699292838686,0.9598873239436607,0.461126760563379,0.19785915492957737,0.2659718309859155,0.03492957746478875,0.4987605633802816,28,9,12,8,29,20,9,10,1,15,8,7,40,17,4,4,0,0,0,4
random,hard,600073,0.2999027459954233,0.2999027459954233,0,84,832,1,0,65,62,0.03076923076923077,0.09230769230769231,0.8642427055424574,9.190981948151926,0.04456202233980011,0.5435016090498571,0.944535211267604,0.4501126760563369,0.342140845070422,0.15228169014084508,0.0,0.49442253521126706,25,18,11,0,29,24,20,4,0,15,11,4,55,21,4,4,0,0,0,3
random,hard,600074,0.4574370709382151,0.4574370709382151,0,78,773,1,0,65,61,0.03076923076923077,0.09230769230769231,0.9645955958041302,11.130687335700692,0.15972526751747532,0.6214533895579687,0.9364225352112662,0.479577464788731,0.2037746478873239,0.2530704225352113,0.0,0.4568450704225352,27,16,10,0,26,11,5,6,0,15,12,3,60,22,4,4,0,0,0,3
random,hard,600075,0.27225400457665905,0.27225400457665905,0,83,826,1,0,65,60,0.03076923076923077,0.09230769230769231,0.8462725705874402,9.619081607086875,0.041488095238095234,0.5171831981592038,0.9486197183098577,0.4823661971830973,0.24794366197183074,0.21830985915492956,0.0,0.46625352112676033,30,13,12,0,25,16,9,7,0,15,10,5,50,14,4,4,0,0,0,3
random,hard,600076,0.4811498855835241,0.4811498855835241,0,77,761,1,0,65,61,0.046153846153846156,0.1076923076923077,0.8561073915766209,6.482587525271594,0.0897765246449457,0.5702858261892518,0.9590985915492944,0.35678873239436526,0.30608450704225304,0.29200000000000004,0.004225352112676056,0.6023098591549292,18,20,15,1,36,20,11,9,0,15,11,4,55,17,4,4,0,0,0,2
random,hard,600077,0.2840903890160181,0.2840903890160181,0,76,754,1,0,65,62,0.03076923076923077,0.09230769230769231,0.951311169622958,11.960360106100671,0.06711111111111111,0.6472246567446821,0.954253521126759,0.5001690140845056,0.20983098591549282,0.23701408450704226,0.00723943661971831,0.4540845070422534,30,11,14,1,26,13,8,5,0,15,9,6,45,14,4,4,0,0,0,2
random,hard,600078,0.36086956521739133,0.36086956521739133,0,85,845,1,0,65,63,0.03076923076923077,0.07692307692307693,0.8640461376208599,7.26760529485183,0.04869614512471655,0.543452146832524,0.9574084507042241,0.4129577464788721,0.20045070422535202,0.31825352112676053,0.02574647887323944,0.544450704225352,24,14,16,3,33,28,13,14,1,15,8,7,40,10,4,4,0,0,0,3
random,hard,600079,0.3010240274599542,0.3010240274599542,0,72,714,1,0,65,64,0.03076923076923077,0.06153846153846154,0.9547451260259483,11.756168763961496,0.05777310924369748,0.5159938673352679,0.9423098591549275,0.5732394366197167,0.2745915492957743,0.09447887323943661,0.0,0.3690704225352109,30,17,6,0,23,6,6,0,0,15,12,3,58,16,4,3,0,1,0,3
