#{"t_start": 1779049697.7061622, "env_id": "None"}
r,l,t,profile,damage_pct,score,stars,ticks_elapsed
2.665102,79,38.31547,medium,0.7433021806853582,2.743302180685358,2,782
1.440696,65,60.009263,medium,0.5052959501557632,1.5052959501557632,1,646
0.219251,78,84.078091,medium,0.2966510903426791,0.2966510903426791,0,774
1.463997,76,107.956446,medium,0.5390965732087227,1.5390965732087227,1,751
1.486113,66,128.762836,medium,0.5517133956386293,1.5517133956386293,1,656
0.407814,61,147.4047,medium,0.46861370716510903,0.46861370716510903,0,608
0.220636,73,169.843392,medium,0.2935358255451713,0.2935358255451713,0,729
2.498277,85,203.27061,medium,0.5824766355140187,2.582476635514019,2,842
2.907777,75,226.503354,medium,0.9824766355140186,2.9824766355140184,2,747
2.754393,90,254.604602,medium,0.844392523364486,2.844392523364486,2,900
0.247133,70,276.400187,medium,0.31643302180685356,0.31643302180685356,0,693
0.406579,78,301.60495,medium,0.48387850467289717,0.48387850467289717,0,773
0.415243,76,324.399805,medium,0.49034267912772583,0.49034267912772583,0,751
0.229348,57,348.486833,medium,0.28574766355140185,0.28574766355140185,0,564
1.374144,67,369.411384,medium,0.4410436137071651,1.4410436137071652,1,669
1.427368,90,396.051455,medium,0.5173676012461059,1.517367601246106,1,900
2.632904,62,415.551719,medium,0.6947040498442367,2.694704049844237,2,618
2.532741,90,444.113008,medium,0.6227414330218068,2.622741433021807,2,900
2.624081,90,472.834372,medium,0.7140809968847351,2.7140809968847353,2,900
0.402659,84,499.623659,medium,0.48605919003115267,0.48605919003115267,0,834
1.446563,60,525.436882,medium,0.5057632398753894,1.5057632398753893,1,592
0.407058,62,542.851732,medium,0.46845794392523366,0.46845794392523366,0,614
2.525344,75,565.345772,medium,0.5998442367601247,2.5998442367601244,2,745
1.468009,64,585.855206,medium,0.5320093457943925,1.5320093457943926,1,640
2.650974,80,610.522107,medium,0.7303738317757009,2.730373831775701,2,794
1.520265,70,631.992364,medium,0.5902647975077882,1.5902647975077882,1,700
1.54162,90,660.295605,medium,0.631619937694704,1.631619937694704,1,900
1.558053,90,698.096044,medium,0.6480529595015576,1.6480529595015576,1,900
0.370778,63,716.753337,medium,0.4331775700934579,0.4331775700934579,0,624
0.339022,61,734.253042,medium,0.3999221183800623,0.3999221183800623,0,609
0.311777,63,754.328085,medium,0.37437694704049845,0.37437694704049845,0,626
0.267136,61,773.458094,medium,0.3273364485981308,0.3273364485981308,0,602
0.179722,63,793.16398,medium,0.24182242990654207,0.24182242990654207,0,621
0.352541,62,812.012895,medium,0.41394080996884736,0.41394080996884736,0,614
0.301641,63,831.627084,medium,0.36394080996884737,0.36394080996884737,0,623
0.304986,68,861.207458,medium,0.37258566978193147,0.37258566978193147,0,676
0.35634,90,890.18753,medium,0.44633956386292833,0.44633956386292833,0,900
1.479581,73,912.899541,medium,0.5521806853582555,1.5521806853582554,1,726
0.296205,67,932.41741,medium,0.36230529595015576,0.36230529595015576,0,661
1.561654,60,950.699085,medium,0.621253894080997,1.621253894080997,1,596
0.39495,76,974.926057,medium,0.4709501557632399,0.4709501557632399,0,760
2.652757,90,1002.531152,medium,0.7427570093457944,2.7427570093457945,2,900
1.704616,83,1035.724961,medium,0.7869158878504673,1.7869158878504674,1,823
0.277656,90,1064.425774,medium,0.36705607476635516,0.36705607476635516,0,894
0.358421,58,1083.145066,medium,0.4161214953271028,0.4161214953271028,0,577
0.183756,59,1100.672174,medium,0.24205607476635513,0.24205607476635513,0,583
1.548683,64,1118.951072,medium,0.6123831775700934,1.6123831775700934,1,637
1.468017,62,1137.286367,medium,0.5295171339563863,1.5295171339563862,1,615
0.415183,64,1157.796172,medium,0.47858255451713394,0.47858255451713394,0,634
0.363816,90,1194.798782,medium,0.45381619937694706,0.45381619937694706,0,900
2.82215,90,1224.801041,medium,0.9121495327102803,2.91214953271028,2,900
1.50762,66,1246.053381,medium,0.5735202492211838,1.573520249221184,1,659
2.68954,74,1270.17681,medium,0.7632398753894081,2.763239875389408,2,737
0.316857,76,1294.210849,medium,0.3927570093457944,0.3927570093457944,0,759
0.365352,66,1314.223467,medium,0.43045171339563865,0.43045171339563865,0,651
0.408432,58,1331.843706,medium,0.4657320872274143,0.4657320872274143,0,573
0.432912,60,1359.114714,medium,0.49221183800623053,0.49221183800623053,0,593
1.499262,64,1380.208251,medium,0.5631619937694704,1.5631619937694703,1,639
0.344813,90,1409.304899,medium,0.43481308411214953,0.43481308411214953,0,900
2.833113,77,1433.450939,medium,0.9098130841121496,2.9098130841121495,2,767
0.405532,69,1455.643398,medium,0.4738317757009346,0.4738317757009346,0,683
1.54055,73,1477.707068,medium,0.6128504672897196,1.6128504672897197,1,723
2.686012,90,1504.92917,medium,0.7760124610591901,2.77601246105919,2,900
0.236407,61,1532.043103,medium,0.29680685358255454,0.29680685358255454,0,604
0.386607,61,1551.58403,medium,0.4468068535825545,0.4468068535825545,0,602
3.9316,69,1573.662124,medium,1.0,4.0,3,684
1.633032,75,1596.95187,medium,0.707632398753894,1.7076323987538942,1,746
1.545818,68,1618.246411,medium,0.6133177570093458,1.6133177570093458,1,675
0.406235,62,1637.555201,medium,0.4678348909657321,0.4678348909657321,0,616
0.431431,59,1655.335134,medium,0.4900311526479751,0.4900311526479751,0,586
0.220223,64,1673.325036,medium,0.2837227414330218,0.2837227414330218,0,635
2.646276,61,1700.214097,medium,0.7067757009345794,2.706775700934579,2,605
1.494697,70,1722.25584,medium,0.5640965732087228,1.5640965732087229,1,694
1.457835,85,1748.648942,medium,0.5428348909657321,1.5428348909657321,1,850
1.444589,72,1770.926385,medium,0.516588785046729,1.516588785046729,1,720
0.372617,90,1798.816099,medium,0.46261682242990654,0.46261682242990654,0,900
2.803319,78,1824.628924,medium,0.8809190031152648,2.880919003115265,2,776
1.496723,71,1847.088141,medium,0.5675233644859813,1.5675233644859814,1,708
1.530546,71,1878.025954,medium,0.6012461059190031,1.601246105919003,1,707
2.741854,90,1905.150056,medium,0.8318535825545171,2.8318535825545172,2,900
2.454101,89,1933.56918,medium,0.542601246105919,2.542601246105919,2,885
0.339993,81,1960.008335,medium,0.4200934579439252,0.4200934579439252,0,801
1.496495,67,1980.307005,medium,0.5626947040498442,1.5626947040498442,1,662
2.835623,90,2008.762419,medium,0.9256230529595015,2.9256230529595015,2,900
2.769813,90,2045.16254,medium,0.8598130841121495,2.8598130841121496,2,900
0.359502,76,2066.873323,medium,0.435202492211838,0.435202492211838,0,757
0.300122,75,2088.763172,medium,0.3749221183800623,0.3749221183800623,0,748
0.232671,63,2108.120758,medium,0.29517133956386293,0.29517133956386293,0,625
0.294622,64,2127.957043,medium,0.35802180685358254,0.35802180685358254,0,634
2.629019,85,2154.76993,medium,0.7140186915887851,2.714018691588785,2,850
0.346923,71,2178.196499,medium,0.4175233644859813,0.4175233644859813,0,706
2.598162,90,2215.64481,medium,0.6881619937694704,2.6881619937694703,2,900
2.571959,81,2241.862884,medium,0.6522585669781932,2.652258566978193,2,803
2.710244,65,2261.097246,medium,0.7748442367601246,2.7748442367601247,2,646
2.747869,71,2281.711376,medium,0.8180685358255452,2.818068535825545,2,702
0.359359,60,2299.789242,medium,0.41915887850467287,0.41915887850467287,0,598
0.418715,68,2320.947807,medium,0.48621495327102804,0.48621495327102804,0,675
2.537742,86,2348.71351,medium,0.6234423676012462,2.623442367601246,2,857
2.4839,58,2376.583579,medium,0.5419003115264798,2.5419003115264798,2,580
0.353356,72,2400.268038,medium,0.42515576323987536,0.42515576323987536,0,718
0.424896,64,2420.887311,medium,0.4883956386292835,0.4883956386292835,0,635
1.511907,69,2443.418586,medium,0.580607476635514,1.580607476635514,1,687
2.614352,67,2463.125775,medium,0.6804517133956386,2.6804517133956387,2,661
1.467326,69,2482.679657,medium,0.5358255451713395,1.5358255451713396,1,685
0.313505,90,2510.50755,medium,0.40350467289719627,0.40350467289719627,0,900
2.789829,90,2552.527376,medium,0.8798286604361371,2.879828660436137,2,900
1.309348,61,2572.344228,medium,0.3695482866043614,1.3695482866043613,1,602
0.307924,69,2594.439767,medium,0.3763239875389408,0.3763239875389408,0,684
2.76296,90,2623.328835,medium,0.8529595015576324,2.8529595015576326,2,900
1.54547,66,2645.002382,medium,0.6106697819314642,1.6106697819314642,1,652
2.466878,59,2662.194449,medium,0.5250778816199377,2.5250778816199375,2,582
0.377505,76,2683.649191,medium,0.45350467289719626,0.45350467289719626,0,760
0.19911,67,2712.257916,medium,0.26580996884735203,0.26580996884735203,0,667
2.764212,87,2740.076173,medium,0.8503115264797507,2.850311526479751,2,861
0.395075,70,2762.26034,medium,0.4648753894080997,0.4648753894080997,0,698
0.409222,66,2783.526294,medium,0.4749221183800623,0.4749221183800623,0,657
1.554043,71,2806.403759,medium,0.6241433021806854,1.6241433021806855,1,701
2.583333,67,2827.364694,medium,0.6495327102803738,2.649532710280374,2,662
0.392802,84,2853.185119,medium,0.4764018691588785,0.4764018691588785,0,836
0.332278,85,2888.476001,medium,0.41697819314641743,0.41697819314641743,0,847
2.566438,63,2907.228942,medium,0.6287383177570094,2.6287383177570094,2,623
1.580917,66,2927.497726,medium,0.6464174454828661,1.6464174454828662,1,655
1.599564,90,2955.070578,medium,0.6895638629283489,1.689563862928349,1,900
0.361168,65,2975.798059,medium,0.4261682242990654,0.4261682242990654,0,650
2.631495,90,3003.256542,medium,0.7214953271028037,2.7214953271028035,2,900
0.306524,62,3022.730372,medium,0.36822429906542054,0.36822429906542054,0,617
2.532469,62,3050.356544,medium,0.5937694704049844,2.5937694704049843,2,613
1.69225,71,3071.055234,medium,0.7628504672897196,1.7628504672897196,1,706
0.360556,65,3089.687586,medium,0.42515576323987536,0.42515576323987536,0,646
0.338909,77,3112.778649,medium,0.4151090342679128,0.4151090342679128,0,762
2.851511,90,3140.414771,medium,0.9415109034267912,2.9415109034267912,2,900
2.70619,62,3160.033499,medium,0.7672897196261682,2.7672897196261683,2,611
2.653153,62,3179.466471,medium,0.7149532710280374,2.7149532710280373,2,618
1.509937,85,3213.586592,medium,0.5942367601246106,1.5942367601246106,1,843
1.56565,64,3232.91879,medium,0.6290498442367601,1.6290498442367602,1,634
0.324108,66,3253.120958,medium,0.3894080996884735,0.3894080996884735,0,653
1.452632,71,3273.579679,medium,0.5232320872274143,1.5232320872274143,1,706
0.387588,62,3290.809206,medium,0.44898753894080995,0.44898753894080995,0,614
1.60229,90,3318.193369,medium,0.6922897196261683,1.6922897196261681,1,900
2.781313,79,3342.891164,medium,0.8598130841121495,2.8598130841121496,2,785
2.872011,70,3376.28959,medium,0.9415109034267912,2.9415109034267912,2,695
1.527285,70,3399.232919,medium,0.5968847352024922,1.5968847352024922,1,696
2.634505,61,3419.247616,medium,0.695404984423676,2.695404984423676,2,609
3.9349,66,3440.808947,medium,1.0,4.0,3,651
1.439205,65,3461.254432,medium,0.5035046728971962,1.5035046728971961,1,643
0.315016,72,3483.720679,medium,0.38691588785046727,0.38691588785046727,0,719
2.595152,70,3503.720567,medium,0.6642523364485982,2.664252336448598,2,691
0.29394,79,3533.562665,medium,0.3720404984423676,0.3720404984423676,0,781
1.507779,77,3557.141369,medium,0.5838785046728971,1.5838785046728971,1,761
0.422021,69,3578.853691,medium,0.49042056074766355,0.49042056074766355,0,684
1.42947,90,3607.025033,medium,0.5194704049844237,1.5194704049844237,1,900
0.200954,56,3625.136359,medium,0.2568535825545171,0.2568535825545171,0,559
1.580608,59,3643.81853,medium,0.6394080996884736,1.6394080996884735,1,588
0.214658,62,3663.708599,medium,0.2765576323987539,0.2765576323987539,0,619
1.535314,68,3685.890157,medium,0.6024143302180686,1.6024143302180685,1,671
1.561613,82,3718.462298,medium,0.6429127725856698,1.6429127725856698,1,813
2.57291,68,3738.42456,medium,0.640809968847352,2.640809968847352,2,679
1.794112,90,3772.781909,medium,0.8841121495327103,1.8841121495327102,1,900
1.420796,60,3809.868089,medium,0.48029595015576326,1.4802959501557633,1,595
0.353597,61,3847.322083,medium,0.41409657320872273,0.41409657320872273,0,605
2.774486,90,3901.703685,medium,0.8644859813084113,2.864485981308411,2,900
1.611377,63,3937.507098,medium,0.6743769470404984,1.6743769470404986,1,630
0.280338,65,3970.526836,medium,0.34493769470404984,0.34493769470404984,0,646
2.815819,66,3989.812624,medium,0.8809190031152648,2.880919003115265,2,651
2.485953,79,4013.744178,medium,0.5649532710280374,2.5649532710280374,2,790
2.650083,79,4038.114939,medium,0.7285825545171339,2.728582554517134,2,785
0.40351,63,4058.195707,medium,0.46580996884735204,0.46580996884735204,0,623
2.862615,82,4083.960106,medium,0.9443146417445483,2.9443146417445485,2,817
1.604226,74,4106.718109,medium,0.6777258566978193,1.6777258566978193,1,735
1.443645,90,4147.552238,medium,0.5336448598130841,1.533644859813084,1,900
1.456106,90,4175.661189,medium,0.5461059190031152,1.5461059190031152,1,900
0.381645,61,4194.077535,medium,0.4424454828660436,0.4424454828660436,0,608
0.376417,70,4214.04911,medium,0.44641744548286605,0.44641744548286605,0,700
0.290469,70,4235.897935,medium,0.35996884735202495,0.35996884735202495,0,695
1.5045,63,4255.33302,medium,0.5669003115264798,1.5669003115264797,1,624
2.751121,90,4282.489892,medium,0.8411214953271028,2.8411214953271027,2,900
2.62395,81,4318.423394,medium,0.7040498442367601,2.70404984423676,2,801
2.583562,63,4337.855667,medium,0.6462616822429906,2.6462616822429905,2,627
2.887363,69,4359.608478,medium,0.9557632398753894,2.9557632398753895,2,684
0.432479,61,4378.347661,medium,0.4926791277258567,0.4926791277258567,0,602
2.76366,90,4407.753647,medium,0.8536604361370717,2.853660436137072,2,900
0.36004,62,4425.716208,medium,0.42133956386292837,0.42133956386292837,0,613
1.450569,69,4447.79244,medium,0.5187694704049844,1.5187694704049846,1,682
0.410938,68,4477.80972,medium,0.47873831775700937,0.47873831775700937,0,678
2.481942,67,4499.406378,medium,0.5484423676012461,2.548442367601246,2,665
1.523474,90,4527.631733,medium,0.6134735202492212,1.6134735202492212,1,900
2.60565,82,4552.956747,medium,0.6871495327102803,2.68714953271028,2,815
2.847695,90,4579.902191,medium,0.9376947040498442,2.9376947040498442,2,900
1.46972,70,4601.065153,medium,0.5397196261682243,1.5397196261682242,1,700
2.640374,90,4637.083137,medium,0.7303738317757009,2.730373831775701,2,900
2.68435,62,4656.093981,medium,0.7459501557632399,2.7459501557632398,2,616
0.242422,58,4674.450749,medium,0.29992211838006233,0.29992211838006233,0,575
3.9328,68,4695.945382,medium,1.0,4.0,3,672
2.741594,63,4715.559749,medium,0.8038940809968848,2.803894080996885,2,623
2.87405,89,4743.332493,medium,0.9621495327102804,2.9621495327102805,2,881
1.58991,76,4767.076604,medium,0.665809968847352,1.665809968847352,1,759
2.770017,68,4787.449725,medium,0.8376168224299065,2.8376168224299065,2,676
1.470145,73,4817.34061,medium,0.5424454828660437,1.5424454828660437,1,723
1.53076,90,4845.207959,medium,0.6198598130841122,1.6198598130841122,1,891
3.939,61,4864.20437,medium,1.0,4.0,3,610
3.9168,84,4890.976521,medium,1.0,4.0,3,832
2.802309,80,4915.799914,medium,0.8820093457943925,2.8820093457943923,2,797
1.569813,90,4943.329592,medium,0.6598130841121496,1.6598130841121495,1,900
0.402091,75,4980.489913,medium,0.47679127725856696,0.47679127725856696,0,747
2.707445,69,5004.792625,medium,0.7755451713395639,2.775545171339564,2,681
2.810067,66,5023.888359,medium,0.8754672897196262,2.875467289719626,2,654
1.541715,78,5051.73484,medium,0.6193146417445483,1.6193146417445483,1,776
1.513562,75,5075.12709,medium,0.5881619937694704,1.5881619937694704,1,746
1.498594,89,5103.977371,medium,0.5869937694704049,1.5869937694704048,1,884
2.783799,66,5124.457109,medium,0.8492990654205608,2.8492990654205608,2,655
0.353788,60,5162.856128,medium,0.41338785046728976,0.41338785046728976,0,596
0.240642,58,5181.932272,medium,0.2984423676012461,0.2984423676012461,0,578
1.481665,76,5206.366936,medium,0.5571651090342679,1.5571651090342677,1,755
2.529416,75,5230.885993,medium,0.6038161993769471,2.603816199376947,2,744
0.184528,62,5251.433911,medium,0.24602803738317758,0.24602803738317758,0,615
3.9227,78,5276.260837,medium,1.0,4.0,3,773
2.755162,75,5299.098488,medium,0.8300623052959502,2.83006230529595,2,749
0.347659,72,5331.819832,medium,0.41915887850467287,0.41915887850467287,0,715
2.760009,89,5361.754023,medium,0.848208722741433,2.848208722741433,2,882
2.657196,90,5391.115253,medium,0.747196261682243,2.7471962616822427,2,900
0.251717,61,5411.547478,medium,0.3126168224299065,0.3126168224299065,0,609
1.489763,75,5436.434984,medium,0.5638629283489096,1.5638629283489096,1,741
2.616492,70,5460.327991,medium,0.6855919003115265,2.6855919003115263,2,691
2.699252,90,5489.874257,medium,0.7892523364485982,2.789252336448598,2,900
1.575371,78,5522.633011,medium,0.6532710280373831,1.6532710280373832,1,779
1.429906,75,5545.924296,medium,0.5042056074766356,1.5042056074766355,1,743
0.244804,58,5564.042261,medium,0.30280373831775703,0.30280373831775703,0,580
1.482835,60,5583.122914,medium,0.5428348909657321,1.5428348909657321,1,600
0.433783,62,5602.724715,medium,0.4954828660436137,0.4954828660436137,0,617
2.647461,90,5630.719479,medium,0.7374610591900311,2.7374610591900312,2,900
2.680803,64,5651.169982,medium,0.7440031152647975,2.7440031152647975,2,632
1.692132,82,5685.27672,medium,0.7738317757009345,1.7738317757009345,1,817
2.774019,90,5713.997545,medium,0.8640186915887851,2.864018691588785,2,900
2.825927,78,5737.445503,medium,0.9034267912772586,2.9034267912772584,2,775
0.339061,74,5761.101661,medium,0.4124610591900312,0.4124610591900312,0,734
2.732108,66,5781.66704,medium,0.7975077881619937,2.797507788161994,2,654
2.840594,72,5803.138206,medium,0.911993769470405,2.911993769470405,2,714
0.333851,63,5822.754971,medium,0.39665109034267915,0.39665109034267915,0,628
0.36185,76,5856.873374,medium,0.4371495327102804,0.4371495327102804,0,753
2.758847,85,5883.860243,medium,0.8438473520249221,2.8438473520249223,2,850
0.357294,64,5903.925948,medium,0.4207943925233645,0.4207943925233645,0,635
2.869034,90,5932.769159,medium,0.9590342679127726,2.959034267912773,2,900
2.629611,62,5953.408223,medium,0.6915109034267912,2.6915109034267912,2,619
2.87986,90,5983.041729,medium,0.9698598130841122,2.969859813084112,2,900
3.9121,88,6022.603348,medium,1.0,4.0,3,879
1.510042,64,6043.977659,medium,0.5734423676012461,1.5734423676012461,1,634
2.642598,73,6067.822766,medium,0.7154984423676013,2.7154984423676014,2,729
2.652913,90,6097.291003,medium,0.7429127725856698,2.7429127725856697,2,900
2.821687,77,6122.04682,medium,0.8982866043613708,2.898286604361371,2,766
2.877134,90,6150.375186,medium,0.9671339563862928,2.967133956386293,2,900
2.782277,76,6174.565839,medium,0.8574766355140186,2.8574766355140184,2,752
2.443112,58,6201.237255,medium,0.5010124610591901,2.50101246105919,2,579
1.792913,84,6229.173957,medium,0.8767133956386293,1.8767133956386293,1,838
1.428078,81,6255.435853,medium,0.508177570093458,1.508177570093458,1,801
3.9366,64,6276.201373,medium,1.0,4.0,3,634
2.674231,66,6297.595059,medium,0.740031152647975,2.7400311526479753,2,658
0.306698,67,6319.712683,medium,0.3735981308411215,0.3735981308411215,0,669
2.761556,81,6346.181575,medium,0.8420560747663551,2.8420560747663552,2,805
2.747476,77,6380.133875,medium,0.8236760124610591,2.823676012461059,2,762
2.64027,80,6406.308183,medium,0.7194704049844237,2.7194704049844236,2,792
3.9305,70,6429.619137,medium,1.0,4.0,3,695
0.327306,61,6450.343499,medium,0.38800623052959504,0.38800623052959504,0,607
1.487175,86,6478.240388,medium,0.5729750778816199,1.5729750778816198,1,858
2.885628,69,6500.668481,medium,0.9541277258566978,2.954127725856698,2,685
1.639439,90,6529.479265,medium,0.7294392523364486,1.7294392523364486,1,900
0.291402,69,6560.579584,medium,0.35950155763239877,0.35950155763239877,0,681
0.272654,60,6580.211657,medium,0.33185358255451713,0.33185358255451713,0,592
0.28896,65,6601.665724,medium,0.35366043613707165,0.35366043613707165,0,647
0.365846,61,6622.392225,medium,0.42624610591900314,0.42624610591900314,0,604
1.637852,68,6645.295859,medium,0.7054517133956386,1.7054517133956386,1,676
1.538143,61,6666.478129,medium,0.5991433021806853,1.5991433021806853,1,610
2.577129,62,6688.327679,medium,0.6386292834890965,2.6386292834890965,2,615
0.327368,90,6719.78971,medium,0.41736760124610595,0.41736760124610595,0,900
2.835485,79,6756.084258,medium,0.913785046728972,2.913785046728972,2,783
2.682887,75,6782.059225,medium,0.7570872274143302,2.7570872274143303,2,742
2.563287,60,6802.409687,medium,0.6232866043613707,2.623286604361371,2,600
1.559429,71,6827.767767,medium,0.6298286604361371,1.6298286604361372,1,704
2.885857,90,6858.583493,medium,0.9758566978193146,2.9758566978193146,2,900
0.277007,62,6878.988735,medium,0.33870716510903426,0.33870716510903426,0,617
2.684794,78,6905.854722,medium,0.761993769470405,2.761993769470405,2,772
2.741436,69,6937.276489,medium,0.8104361370716511,2.810436137071651,2,690
1.463357,72,6962.320947,medium,0.5346573208722741,1.5346573208722742,1,713
2.542596,63,6984.076227,medium,0.6052959501557632,2.6052959501557633,2,627
1.546122,62,7005.115016,medium,0.6080218068535825,1.6080218068535825,1,619
0.42313,67,7027.016524,medium,0.4893302180685358,0.4893302180685358,0,662
0.393431,63,7048.841802,medium,0.4562305295950156,0.4562305295950156,0,628
2.612268,72,7074.12635,medium,0.6842679127725857,2.6842679127725857,2,720
0.31595,64,7103.478372,medium,0.37904984423676014,0.37904984423676014,0,631
2.608397,65,7126.205867,medium,0.6728971962616822,2.6728971962616823,2,645
2.664722,86,7155.587306,medium,0.7499221183800623,2.7499221183800624,2,852
2.839101,79,7183.586089,medium,0.917601246105919,2.917601246105919,2,785
1.625368,76,7209.219964,medium,0.7011682242990654,1.7011682242990656,1,758
1.693043,82,7238.435685,medium,0.7741433021806854,1.7741433021806854,1,811
0.201077,66,7261.306683,medium,0.2662772585669782,0.2662772585669782,0,652
2.633835,68,7292.200403,medium,0.7009345794392523,2.7009345794392523,2,671
2.715685,90,7323.251908,medium,0.8056853582554517,2.8056853582554515,2,900
3.9362,64,7345.64942,medium,1.0,4.0,3,638
3.9276,73,7371.075849,medium,1.0,4.0,3,724
0.408895,79,7397.346097,medium,0.4876947040498442,0.4876947040498442,0,788
0.320628,59,7418.376979,medium,0.3791277258566978,0.3791277258566978,0,585
2.739517,90,7450.500851,medium,0.8295171339563863,2.8295171339563865,2,900
0.262908,60,7478.437842,medium,0.32250778816199377,0.32250778816199377,0,596
2.465892,78,7505.481367,medium,0.5436915887850468,2.543691588785047,2,778
1.561025,83,7534.953116,medium,0.6439252336448598,1.6439252336448598,1,829
3.9299,71,7559.987614,medium,1.0,4.0,3,701
1.445639,75,7586.013448,medium,0.5206386292834891,1.5206386292834893,1,750
1.491238,63,7607.829087,medium,0.5537383177570093,1.5537383177570092,1,625
2.692738,86,7636.003343,medium,0.7787383177570093,2.7787383177570093,2,860
2.775109,90,7674.02039,medium,0.8651090342679127,2.865109034267913,2,900
1.553566,72,7699.206657,medium,0.624766355140187,1.624766355140187,1,712
2.774386,82,7728.428109,medium,0.856386292834891,2.856386292834891,2,820
2.853224,90,7759.97326,medium,0.9432242990654206,2.9432242990654207,2,900
1.482194,72,7785.493751,medium,0.5538940809968848,1.5538940809968849,1,717
2.532352,90,7817.023257,medium,0.6223520249221184,2.6223520249221184,2,900
2.856417,90,7855.524974,medium,0.946417445482866,2.946417445482866,2,900
1.722673,74,7881.493049,medium,0.7965732087227414,1.7965732087227413,1,739
1.5195,81,7909.609798,medium,0.6,1.6,1,805
0.421324,64,7931.743527,medium,0.48442367601246106,0.48442367601246106,0,631
2.628895,68,7955.231849,medium,0.6964953271028037,2.6964953271028036,2,676
0.409123,59,7975.59645,medium,0.4675233644859813,0.4675233644859813,0,584
1.431819,83,8004.831234,medium,0.514018691588785,1.514018691588785,1,822
2.677841,70,8037.079748,medium,0.7477414330218068,2.747741433021807,2,699
1.599174,90,8068.484475,medium,0.6891744548286605,1.6891744548286605,1,900
3.9218,79,8095.824405,medium,1.0,4.0,3,782
2.605923,62,8117.792506,medium,0.6675233644859813,2.667523364485981,2,616
1.709454,82,8146.370319,medium,0.7906542056074767,1.7906542056074768,1,812
2.593451,71,8171.457141,medium,0.6635514018691588,2.663551401869159,2,701
2.654035,64,8192.957322,medium,0.717834890965732,2.717834890965732,2,638
1.454445,63,8222.290094,medium,0.5167445482866043,1.5167445482866042,1,623
1.523138,64,8244.582601,medium,0.5868380062305296,1.5868380062305296,1,637
1.581235,79,8272.295816,medium,0.6597352024922118,1.6597352024922118,1,785
2.53236,72,8298.380544,medium,0.6036604361370717,2.603660436137072,2,713
1.393137,77,8325.533466,medium,0.4692367601246106,1.4692367601246106,1,761
0.385908,62,8347.410875,medium,0.44750778816199377,0.44750778816199377,0,616
2.623874,69,8371.18974,medium,0.6922741433021806,2.6922741433021806,2,684
1.546612,63,8400.72122,medium,0.6091121495327103,1.6091121495327103,1,625
1.446147,73,8425.371244,medium,0.5188473520249222,1.5188473520249222,1,727
1.661402,90,8457.700195,medium,0.7514018691588785,1.7514018691588786,1,900
2.661636,90,8489.340997,medium,0.7516355140186916,2.7516355140186914,2,900
2.767515,77,8515.41602,medium,0.8443146417445483,2.8443146417445484,2,768
2.713206,75,8542.017055,medium,0.7880062305295951,2.788006230529595,2,748
0.262121,79,8569.389424,medium,0.3411214953271028,0.3411214953271028,0,790
0.31917,59,8596.496136,medium,0.3775700934579439,0.3775700934579439,0,584
1.772004,73,8622.931581,medium,0.8447040498442367,1.8447040498442369,1,727
2.722227,90,8654.46239,medium,0.8122274143302181,2.812227414330218,2,900
1.62851,71,8678.729622,medium,0.6989096573208723,1.6989096573208724,1,704
2.653541,70,8702.656254,medium,0.7227414330218068,2.722741433021807,2,692
1.661539,60,8723.59049,medium,0.7206386292834891,1.720638629283489,1,591
0.414297,59,8744.233054,medium,0.47289719626168225,0.47289719626168225,0,586
1.623058,71,8773.772523,medium,0.6934579439252336,1.6934579439252335,1,704
2.824245,77,8801.209686,medium,0.9005451713395639,2.900545171339564,2,763
2.894825,66,8824.367792,medium,0.9601246105919004,2.9601246105919,2,653
2.863195,75,8850.764433,medium,0.9376947040498442,2.9376947040498442,2,745
1.48969,62,8871.897679,medium,0.5510903426791277,1.5510903426791276,1,614
2.563494,66,8894.041836,medium,0.6288940809968847,2.6288940809968846,2,654
0.366807,64,8916.330356,medium,0.430607476635514,0.430607476635514,0,638
2.67,89,8953.785523,medium,0.7580996884735203,2.7580996884735205,2,881
1.439576,68,8978.03957,medium,0.5067757009345795,1.5067757009345795,1,672
2.762583,75,9004.727351,medium,0.8373831775700935,2.8373831775700937,2,748
2.875272,71,9029.684223,medium,0.9458722741433022,2.9458722741433023,2,706
2.657769,61,9051.202087,medium,0.7187694704049844,2.7187694704049843,2,610
3.9289,72,9075.035525,medium,1.0,4.0,3,711
1.67285,90,9106.844042,medium,0.7628504672897196,1.7628504672897196,1,900
1.56465,74,9138.722611,medium,0.6378504672897196,1.6378504672897196,1,732
2.630725,72,9163.825068,medium,0.7020249221183801,2.70202492211838,2,713
2.753463,86,9193.753095,medium,0.8388629283489096,2.8388629283489095,2,854
1.684922,90,9225.408393,medium,0.7749221183800623,1.7749221183800623,1,900
1.782516,72,9250.670068,medium,0.8538161993769471,1.853816199376947,1,713
3.9236,77,9277.078876,medium,1.0,4.0,3,764
2.690191,78,9303.683121,medium,0.7679906542056075,2.7679906542056076,2,778
0.412377,62,9332.792415,medium,0.47437694704049843,0.47437694704049843,0,620
1.471104,82,9361.797441,medium,0.552803738317757,1.552803738317757,1,817
2.743584,62,9383.224748,medium,0.8049844236760124,2.8049844236760126,2,614
2.893411,90,9414.935099,medium,0.983411214953271,2.983411214953271,2,900
0.32255,74,9441.353527,medium,0.39654984423676004,0.39654984423676004,0,740
3.9326,68,9464.868302,medium,1.0,4.0,3,674
3.939,61,9485.574308,medium,1.0,4.0,3,610
1.447371,73,9517.890337,medium,0.520171339563863,1.520171339563863,1,728
1.595413,73,9543.623823,medium,0.6679127725856698,1.66791277258567,1,725
2.893269,76,9570.563597,medium,0.9687694704049844,2.9687694704049843,2,755
1.58066,73,9595.709253,medium,0.6536604361370717,1.6536604361370717,1,730
0.282517,64,9617.524121,medium,0.34641744548286607,0.34641744548286607,0,639
2.729008,69,9640.551987,medium,0.7975077881619937,2.797507788161994,2,685
0.363469,72,9665.362828,medium,0.4349688473520249,0.4349688473520249,0,715
3.9338,67,9695.686691,medium,1.0,4.0,3,662
1.515375,66,9718.528922,medium,0.5810747663551402,1.5810747663551403,1,657
2.683012,60,9739.413548,medium,0.7422118380062306,2.742211838006231,2,592
2.611434,89,9770.567185,medium,0.7002336448598131,2.700233644859813,2,888
0.315493,58,9790.803378,medium,0.3725934579439253,0.3725934579439253,0,571
3.9346,66,9812.736648,medium,1.0,4.0,3,654
1.556651,90,9843.988499,medium,0.6466510903426791,1.646651090342679,1,900
2.887492,90,9882.535408,medium,0.9774922118380063,2.9774922118380065,2,900
3.9133,87,9913.028682,medium,1.0,4.0,3,867
1.462687,78,9940.146764,medium,0.5401869158878505,1.5401869158878505,1,775
0.353243,63,9963.451447,medium,0.4153426791277259,0.4153426791277259,0,621
2.776783,69,9986.269044,medium,0.8454828660436137,2.845482866043614,2,687
1.647317,74,10012.017242,medium,0.7207165109034268,1.7207165109034268,1,734
2.627421,63,10033.57672,medium,0.6904205607476636,2.6904205607476634,2,630
2.865685,90,10072.386382,medium,0.9556853582554518,2.955685358255452,2,900
2.709896,73,10097.837144,medium,0.7827959501557633,2.782795950155763,2,729
2.578491,65,10120.776836,medium,0.6429906542056075,2.6429906542056076,2,645
0.301589,90,10152.284148,medium,0.39158878504672895,0.39158878504672895,0,900
2.795996,77,10178.778093,medium,0.872196261682243,2.8721962616822427,2,762
2.736118,70,10203.637115,medium,0.8052180685358256,2.8052180685358254,2,691
1.553232,71,10229.043885,medium,0.6238317757009346,1.6238317757009346,1,706
1.485223,74,10262.239768,medium,0.5587227414330218,1.5587227414330218,1,735
1.533898,65,10284.536151,medium,0.5985981308411215,1.5985981308411215,1,647
3.9276,73,10310.784831,medium,1.0,4.0,3,724
1.418178,90,10341.430124,medium,0.508177570093458,1.508177570093458,1,900
2.859891,75,10367.285903,medium,0.9348909657320872,2.9348909657320874,2,750
3.9164,84,10397.039794,medium,1.0,4.0,3,836
2.768718,79,10424.937951,medium,0.8471183800623053,2.847118380062305,2,784
0.410297,71,10455.614167,medium,0.48099688473520247,0.48099688473520247,0,707
1.812094,84,10485.378367,medium,0.8957943925233645,1.8957943925233645,1,837
0.373714,62,10507.244986,medium,0.4355140186915888,0.4355140186915888,0,618
2.859143,90,10539.319715,medium,0.9491433021806853,2.949143302180685,2,900
2.712581,74,10565.371948,medium,0.7859813084112149,2.785981308411215,2,734
3.9218,79,10593.688984,medium,1.0,4.0,3,782
0.285969,66,10623.838091,medium,0.3518691588785047,0.3518691588785047,0,659
2.837068,90,10655.806594,medium,0.9261682242990654,2.926168224299065,2,891
2.648919,66,10678.830608,medium,0.7140186915887851,2.714018691588785,2,651
0.222613,63,10700.947178,medium,0.2848130841121495,0.2848130841121495,0,622
2.838604,73,10727.345039,medium,0.9116043613707165,2.9116043613707165,2,730
3.9266,74,10752.919788,medium,1.0,4.0,3,734
3.9319,69,10776.783496,medium,1.0,4.0,3,681
2.75205,86,10814.327505,medium,0.8378504672897197,2.83785046728972,2,858
0.318057,67,10837.901998,medium,0.38465732087227417,0.38465732087227417,0,666
2.492585,64,10859.143618,medium,0.5556853582554517,2.5556853582554515,2,631
1.574642,90,10890.546069,medium,0.6646417445482866,1.6646417445482866,1,900
2.49574,60,10911.007839,medium,0.5551401869158878,2.555140186915888,2,594
0.428869,65,10933.877319,medium,0.4937694704049844,0.4937694704049844,0,649
1.467612,75,10960.381518,medium,0.5422118380062305,1.5422118380062306,1,746
1.54648,72,10985.12521,medium,0.618380062305296,1.618380062305296,1,719
3.9433,57,11012.004638,medium,1.0,4.0,3,567
2.790841,90,11042.886097,medium,0.8808411214953271,2.880841121495327,2,900
2.759228,79,11070.751104,medium,0.8379283489096573,2.8379283489096574,2,787
2.88593,87,11101.118356,medium,0.9724299065420561,2.972429906542056,2,865
2.860779,90,11132.57532,medium,0.950778816199377,2.950778816199377,2,900
2.901554,81,11160.495651,medium,0.9818535825545172,2.981853582554517,2,803
0.336342,63,11189.638425,medium,0.39844236760124613,0.39844236760124613,0,621
3.9368,64,11212.51382,medium,1.0,4.0,3,632
2.635751,69,11237.027883,medium,0.7047507788161994,2.7047507788161993,2,690
3.9421,58,11257.432812,medium,1.0,4.0,3,579
2.684974,63,11278.960343,medium,0.7472741433021807,2.747274143302181,2,623
1.581184,90,11310.53931,medium,0.6711838006230529,1.6711838006230528,1,900
2.849208,74,11335.618312,medium,0.9225077881619937,2.922507788161994,2,733
0.226712,58,11355.664211,medium,0.2841121495327103,0.2841121495327103,0,574
1.537611,71,11386.769029,medium,0.608411214953271,1.608411214953271,1,708
3.9326,68,11411.029213,medium,1.0,4.0,3,674
2.815213,70,11435.905052,medium,0.8848130841121495,2.8848130841121495,2,696
0.409012,67,11459.622908,medium,0.4753115264797508,0.4753115264797508,0,663
2.661526,75,11486.000558,medium,0.7358255451713396,2.7358255451713394,2,743
0.362466,79,11513.736775,medium,0.4409657320872274,0.4409657320872274,0,785
2.901915,77,11540.248526,medium,0.9781152647975078,2.9781152647975078,2,762
1.524904,70,11571.754012,medium,0.5947040498442367,1.5947040498442369,1,698
3.9427,58,11592.367499,medium,1.0,4.0,3,573
2.829452,76,11618.572128,medium,0.9054517133956387,2.905451713395639,2,760
0.267028,63,11641.068341,medium,0.3291277258566978,0.3291277258566978,0,621
0.43621,63,11662.763976,medium,0.4989096573208723,0.4989096573208723,0,627
2.739334,61,11684.376136,medium,0.8002336448598131,2.800233644859813,2,609
2.703926,66,11708.666989,medium,0.7696261682242991,2.769626168224299,2,657
0.401761,69,11739.658104,medium,0.4705607476635514,0.4705607476635514,0,688
2.798399,68,11764.348118,medium,0.8661993769470405,2.8661993769470406,2,678
1.516033,76,11791.168425,medium,0.5914330218068535,1.5914330218068535,1,754
2.496766,62,11812.584475,medium,0.5578660436137072,2.557866043613707,2,611
1.535623,90,11843.790198,medium,0.6256230529595016,1.6256230529595017,1,900
1.420951,84,11872.864013,medium,0.5047507788161993,1.5047507788161993,1,838
2.541952,64,11893.678645,medium,0.6054517133956386,2.6054517133956385,2,635
3.9414,59,11914.856227,medium,1.0,4.0,3,586
1.296329,59,11942.524907,medium,0.3548286604361371,1.354828660436137,1,585
2.682323,77,11969.898602,medium,0.7587227414330218,2.7587227414330218,2,764
2.658102,78,11996.938248,medium,0.735202492211838,2.735202492211838,2,771
2.543801,90,12028.876816,medium,0.6338006230529595,2.6338006230529594,2,900
1.717851,87,12058.068009,medium,0.8047507788161994,1.8047507788161994,1,869
2.770912,89,12088.719967,medium,0.8591121495327103,2.8591121495327103,2,882
0.39584,77,12122.376335,medium,0.4720404984423676,0.4720404984423676,0,762
1.616661,63,12144.446845,medium,0.6793613707165109,1.679361370716511,1,627
1.528124,74,12169.47687,medium,0.6013239875389408,1.6013239875389407,1,732
2.612898,69,12192.334334,medium,0.6816978193146418,2.6816978193146417,2,688
1.530021,78,12220.018932,medium,0.6073208722741433,1.6073208722741432,1,773
2.813636,80,12248.459053,medium,0.8935358255451713,2.8935358255451713,2,799
1.547479,71,12273.923482,medium,0.6176791277258566,1.6176791277258566,1,702
0.388598,60,12302.052272,medium,0.4485981308411215,0.4485981308411215,0,600
1.579949,66,12325.432505,medium,0.6452492211838006,1.6452492211838006,1,653
1.425189,76,12353.192396,medium,0.5003894080996885,1.5003894080996885,1,752
1.57067,90,12384.963306,medium,0.6606697819314642,1.6606697819314642,1,900
3.937,63,12406.847193,medium,1.0,4.0,3,630
2.656531,84,12435.744889,medium,0.740031152647975,2.7400311526479753,2,835
2.771586,68,12459.689569,medium,0.8394859813084112,2.8394859813084112,2,679
2.627437,67,12490.2873,medium,0.6942367601246106,2.6942367601246104,2,668
1.683224,69,12514.07438,medium,0.7513239875389408,1.7513239875389408,1,681
3.9363,64,12536.867468,medium,1.0,4.0,3,637
1.534922,90,12568.606172,medium,0.6249221183800623,1.6249221183800624,1,900
2.920354,71,12592.72426,medium,0.9906542056074766,2.9906542056074765,2,703
2.741854,90,12623.878464,medium,0.8318535825545171,2.8318535825545172,2,900
1.533718,80,12651.622126,medium,0.6133177570093458,1.6133177570093458,1,796
2.729659,73,12683.469959,medium,0.8022585669781932,2.8022585669781934,2,726
1.539269,63,12705.843991,medium,0.6018691588785047,1.6018691588785048,1,626
2.607934,68,12729.966983,medium,0.6752336448598131,2.675233644859813,2,673
1.567845,74,12755.719104,medium,0.6417445482866043,1.6417445482866042,1,739
3.9339,67,12779.170955,medium,1.0,4.0,3,661
2.727949,68,12802.981604,medium,0.7952492211838006,2.7952492211838007,2,673
2.62924,59,12823.20241,medium,0.6882398753894081,2.6882398753894083,2,590
0.327796,61,12851.240855,medium,0.3883956386292835,0.3883956386292835,0,606
1.599182,71,12875.868407,medium,0.6697819314641744,1.6697819314641744,1,706
0.298928,64,12897.70351,medium,0.3629283489096573,0.3629283489096573,0,640
2.721165,61,12919.131303,medium,0.782165109034268,2.782165109034268,2,610
2.727107,62,12940.021381,medium,0.7887071651090343,2.7887071651090345,2,616
2.669616,68,12964.67662,medium,0.7369158878504672,2.736915887850467,2,673
1.50461,62,12986.517708,medium,0.565809968847352,1.565809968847352,1,612
3.9235,77,13012.94701,medium,1.0,4.0,3,765
1.571526,90,13051.989158,medium,0.6615264797507788,1.661526479750779,1,900
1.55744,65,13075.034798,medium,0.6220404984423676,1.6220404984423675,1,646
2.775151,80,13102.543842,medium,0.8547507788161994,2.854750778816199,2,796
2.83691,79,13130.300179,medium,0.915809968847352,2.915809968847352,2,789
2.548274,66,13153.417602,medium,0.6134735202492212,2.6134735202492214,2,652
1.43917,64,13175.644688,medium,0.5025700934579439,1.502570093457944,1,634
3.922,78,13202.731208,medium,1.0,4.0,3,780
2.701575,80,13237.167714,medium,0.7810747663551402,2.78107476635514,2,795
1.46059,74,13262.946749,medium,0.534190031152648,1.534190031152648,1,736
2.813427,90,13293.229382,medium,0.9034267912772586,2.9034267912772584,2,900
2.87176,90,13324.008201,medium,0.9617601246105919,2.961760124610592,2,900
2.608062,72,13349.326538,medium,0.6800623052959501,2.6800623052959502,2,720
2.715578,68,13372.832018,medium,0.7831775700934579,2.783177570093458,2,676
2.821603,73,13398.477731,medium,0.8940031152647975,2.8940031152647974,2,724
3.9198,81,13433.865582,medium,1.0,4.0,3,802
3.9254,75,13458.626013,medium,1.0,4.0,3,746
2.545765,87,13488.800997,medium,0.6321651090342679,2.632165109034268,2,864
1.576277,90,13520.117547,medium,0.6662772585669782,1.666277258566978,1,900
2.71514,90,13551.445201,medium,0.8051401869158878,2.805140186915888,2,900
2.623214,71,13576.345492,medium,0.6936137071651091,2.693613707165109,2,704
1.587583,75,13608.413536,medium,0.6623831775700935,1.6623831775700935,1,748
2.61578,86,13638.02564,medium,0.7014797507788162,2.701479750778816,2,857
3.936,64,13661.133502,medium,1.0,4.0,3,640
0.316786,73,13687.099036,medium,0.3894859813084112,0.3894859813084112,0,727
1.512671,66,13710.463438,medium,0.5782710280373832,1.578271028037383,1,656
2.727433,64,13732.38769,medium,0.7914330218068536,2.7914330218068537,2,640
3.9338,67,13755.675641,medium,1.0,4.0,3,662
2.65944,63,13785.373018,medium,0.7220404984423676,2.7220404984423676,2,626
3.9343,66,13808.028205,medium,1.0,4.0,3,657
3.9203,80,13836.279488,medium,1.0,4.0,3,797
2.624914,61,13857.948413,medium,0.6855140186915888,2.6855140186915887,2,606
2.892096,72,13883.539338,medium,0.9633956386292835,2.9633956386292835,2,713
2.837427,66,13906.05763,medium,0.9034267912772586,2.9034267912772584,2,660
1.464687,59,13926.138145,medium,0.5232866043613708,1.5232866043613709,1,586
1.4195,89,13964.069107,medium,0.5080996884735203,1.5080996884735203,1,886
0.212149,59,13983.74832,medium,0.2702492211838006,0.2702492211838006,0,581
0.339741,58,14003.398548,medium,0.39774143302180687,0.39774143302180687,0,580
2.689677,68,14027.151475,medium,0.7574766355140187,2.757476635514019,2,678
2.785451,70,14051.850079,medium,0.8547507788161994,2.854750778816199,2,693
2.787767,71,14076.480837,medium,0.8585669781931464,2.8585669781931466,2,708
2.773787,75,14103.168642,medium,0.8482866043613707,2.8482866043613706,2,745
0.404386,69,14126.928783,medium,0.47258566978193145,0.47258566978193145,0,682
3.929,71,14158.636009,medium,1.0,4.0,3,710
1.42581,90,14190.258616,medium,0.515809968847352,1.515809968847352,1,900
2.562821,62,14212.552336,medium,0.6242211838006231,2.624221183800623,2,614
1.590244,68,14236.884949,medium,0.6579439252336449,1.6579439252336448,1,677
1.618026,85,14265.761758,medium,0.7027258566978193,1.7027258566978194,1,847
1.735701,90,14295.981244,medium,0.8257009345794393,1.8257009345794393,1,900
1.44845,64,14317.742566,medium,0.5121495327102804,1.5121495327102803,1,637
3.9295,71,14349.696648,medium,1.0,4.0,3,705
2.758731,74,14375.690521,medium,0.8319314641744548,2.831931464174455,2,732
2.633635,68,14399.424317,medium,0.7009345794392523,2.7009345794392523,2,673
2.564296,66,14421.857729,medium,0.6302959501557632,2.6302959501557632,2,660
3.9178,83,14451.524553,medium,1.0,4.0,3,822
1.487414,90,14482.501011,medium,0.5774143302180685,1.5774143302180685,1,900
2.850421,90,14519.802485,medium,0.9404205607476636,2.9404205607476634,2,900
2.631025,88,14550.619117,medium,0.7189252336448598,2.71892523364486,2,879
1.730717,90,14582.193126,medium,0.8207165109034268,1.8207165109034267,1,900
2.75644,65,14606.035679,medium,0.8213395638629284,2.8213395638629284,2,649
2.831027,73,14631.69593,medium,0.9034267912772586,2.9034267912772584,2,724
0.327815,67,14654.649496,medium,0.3943146417445483,0.3943146417445483,0,665
0.371643,61,14675.352386,medium,0.4322429906542056,0.4322429906542056,0,606
3.9296,71,14707.531234,medium,1.0,4.0,3,704
1.548287,59,14728.26387,medium,0.6070872274143302,1.6070872274143302,1,588
1.645379,73,14754.330571,medium,0.7176791277258567,1.7176791277258567,1,723
1.580621,69,14778.756861,medium,0.6492211838006231,1.649221183800623,1,686
0.425268,71,14803.037369,medium,0.49616822429906543,0.49616822429906543,0,709
3.9231,77,14829.837286,medium,1.0,4.0,3,769
3.9329,68,14852.552545,medium,1.0,4.0,3,671
2.421228,85,14889.80615,medium,0.5060280373831776,2.5060280373831776,2,848
2.764914,63,14911.874177,medium,0.8274143302180685,2.8274143302180685,2,625
3.932,68,14935.800957,medium,1.0,4.0,3,680
2.904711,70,14961.217711,medium,0.9746105919003115,2.9746105919003116,2,699
2.62914,60,14982.564482,medium,0.6882398753894081,2.6882398753894083,2,591
3.9304,70,15007.243804,medium,1.0,4.0,3,696
2.747657,71,15031.146675,medium,0.8177570093457944,2.8177570093457946,2,701
2.844449,84,15060.576011,medium,0.9283489096573209,2.9283489096573208,2,839
2.822158,72,15092.649605,medium,0.8934579439252337,2.8934579439252337,2,713
1.539177,69,15116.36396,medium,0.6074766355140186,1.6074766355140186,1,683
0.423303,71,15140.833914,medium,0.4940031152647975,0.4940031152647975,0,707
2.621137,90,15172.482557,medium,0.7111370716510903,2.7111370716510903,2,900
0.286982,75,15198.530742,medium,0.3616822429906542,0.3616822429906542,0,747
2.664651,82,15227.342321,medium,0.7466510903426792,2.746651090342679,2,820
0.402044,81,15262.934865,medium,0.4829439252336449,0.4829439252336449,0,809
2.664703,80,15290.117414,medium,0.7440031152647975,2.7440031152647975,2,793
0.435154,64,15310.751817,medium,0.4987538940809969,0.4987538940809969,0,636
2.67805,60,15331.781484,medium,0.7378504672897196,2.7378504672897197,2,598
2.70571,61,15353.225598,medium,0.765809968847352,2.765809968847352,2,601
3.9192,81,15381.699076,medium,1.0,4.0,3,808
2.740669,79,15409.108046,medium,0.8187694704049844,2.8187694704049844,2,781
1.587648,90,15447.998906,medium,0.6776479750778817,1.6776479750778817,1,900
3.9327,68,15471.656727,medium,1.0,4.0,3,673
2.637335,64,15493.971131,medium,0.7009345794392523,2.7009345794392523,2,636
1.62885,76,15520.053485,medium,0.7040498442367601,1.70404984423676,1,752
1.657717,63,15541.301221,medium,0.7207165109034268,1.7207165109034268,1,630
0.354752,76,15567.497002,medium,0.43045171339563865,0.43045171339563865,0,757
1.501281,60,15586.627972,medium,0.560981308411215,1.560981308411215,1,597
2.707076,75,15610.7763,medium,0.7817757009345795,2.7817757009345794,2,747
2.78204,90,15647.517612,medium,0.8720404984423676,2.8720404984423675,2,900
2.500456,59,15667.113919,medium,0.5589563862928348,2.558956386292835,2,585
3.923,77,15693.156477,medium,1.0,4.0,3,770
3.9254,75,15718.269812,medium,1.0,4.0,3,746
1.414907,90,15748.992659,medium,0.5049065420560748,1.5049065420560748,1,900
1.567532,82,15776.162608,medium,0.6488317757009345,1.6488317757009345,1,813
2.869263,78,15810.370779,medium,0.9469626168224299,2.9469626168224297,2,777
1.633081,70,15834.706929,medium,0.7021806853582554,1.7021806853582553,1,691
1.550248,78,15861.320682,medium,0.6276479750778816,1.6276479750778816,1,774
1.411558,90,15892.155335,medium,0.5015576323987538,1.5015576323987538,1,900
3.9321,68,15915.105185,medium,1.0,4.0,3,679
3.9489,52,15932.87506,medium,1.0,4.0,3,511
0.371275,69,15955.541044,medium,0.43987538940809967,0.43987538940809967,0,686
2.806164,84,15992.312618,medium,0.8895638629283489,2.889563862928349,2,834
0.326006,62,16013.459004,medium,0.38800623052959504,0.38800623052959504,0,620
2.6687,65,16036.768698,medium,0.7330996884735203,2.73309968847352,2,644
0.340991,69,16060.174248,medium,0.4098909657320872,0.4098909657320872,0,689
1.550018,73,16086.106377,medium,0.6221183800623052,1.6221183800623051,1,721
1.463626,73,16108.759233,medium,0.5358255451713395,1.5358255451713396,1,722
2.66988,66,16130.428795,medium,0.7352803738317757,2.7352803738317757,2,654
1.529365,70,16153.425916,medium,0.5990654205607476,1.5990654205607475,1,697
1.544312,82,16188.581344,medium,0.6260124610591901,1.6260124610591902,1,817
3.9312,69,16211.117442,medium,1.0,4.0,3,688
0.395435,58,16229.85864,medium,0.45283489096573204,0.45283489096573204,0,574
2.667555,90,16259.118492,medium,0.7575545171339564,2.7575545171339564,2,900
3.9429,58,16278.268025,medium,1.0,4.0,3,571
0.421079,64,16299.60851,medium,0.48457943925233643,0.48457943925233643,0,635
2.585951,61,16319.166474,medium,0.6466510903426791,2.646651090342679,2,607
2.784844,90,16355.986235,medium,0.8748442367601246,2.874844236760125,2,900
2.621624,63,16376.222044,medium,0.684423676012461,2.684423676012461,2,628
0.201444,59,16395.84881,medium,0.26044392523364474,0.26044392523364474,0,590
2.855327,90,16425.801167,medium,0.9453271028037383,2.945327102803738,2,900
1.645429,69,16448.503374,medium,0.7136292834890966,1.7136292834890967,1,682
2.747333,70,16471.897394,medium,0.8164330218068536,2.8164330218068536,2,691
2.697072,90,16500.326061,medium,0.7870716510903427,2.7870716510903426,2,900
2.546625,81,16533.368065,medium,0.62702492211838,2.62702492211838,2,804
3.9283,72,16557.526635,medium,1.0,4.0,3,717
2.703581,66,16579.10897,medium,0.7690809968847352,2.7690809968847354,2,655
2.726982,76,16603.664558,medium,0.8028816199376947,2.8028816199376947,2,759
1.640027,73,16627.5765,medium,0.7122274143302181,1.712227414330218,1,722
2.740685,90,16656.256451,medium,0.8306853582554518,2.830685358255452,2,900
3.9313,69,16677.875248,medium,1.0,4.0,3,687
2.60394,68,16706.372217,medium,0.6713395638629284,2.6713395638629285,2,674
2.847366,69,16729.053108,medium,0.9159657320872274,2.915965732087227,2,686
2.789429,66,16750.119073,medium,0.854828660436137,2.8548286604361373,2,654
1.71417,64,16771.543886,medium,0.7775700934579439,1.777570093457944,1,634
1.529877,78,16797.099832,medium,0.6074766355140186,1.6074766355140186,1,776
2.615488,68,16819.42972,medium,0.6827881619937695,2.6827881619937695,2,673
2.810155,90,16847.919377,medium,0.8994548286604361,2.8994548286604362,2,893
2.883754,90,16884.195167,medium,0.9737538940809969,2.973753894080997,2,900
2.792074,72,16907.335725,medium,0.8634735202492212,2.8634735202492214,2,714
2.679112,72,16930.185382,medium,0.7510124610591901,2.75101246105919,2,719
3.9268,74,16954.578402,medium,1.0,4.0,3,732
2.619817,77,16979.881879,medium,0.696417445482866,2.696417445482866,2,766
2.793374,71,17002.680711,medium,0.8634735202492212,2.8634735202492214,2,701
2.765421,76,17034.216794,medium,0.8411214953271028,2.8411214953271027,2,757
1.558763,64,17056.435472,medium,0.6219626168224299,1.62196261682243,1,632
3.9263,74,17081.689214,medium,1.0,4.0,3,737
1.55225,69,17103.715463,medium,0.6209501557632399,1.6209501557632398,1,687
1.480262,66,17124.691797,medium,0.5462616822429907,1.5462616822429907,1,660
2.535918,62,17144.131628,medium,0.5971183800623053,2.597118380062305,2,612
0.431012,62,17164.504814,medium,0.49221183800623053,0.49221183800623053,0,612
2.752212,90,17194.840898,medium,0.8422118380062306,2.8422118380062305,2,900
2.77858,90,17232.22555,medium,0.868380062305296,2.868380062305296,2,898
3.9439,57,17251.675092,medium,1.0,4.0,3,561
3.9296,71,17275.647188,medium,1.0,4.0,3,704
2.886492,66,17298.404305,medium,0.9524922118380063,2.952492211838006,2,660
0.388583,90,17328.332748,medium,0.47858255451713394,0.47858255451713394,0,900
2.856963,90,17357.58313,medium,0.9469626168224299,2.9469626168224297,2,900
2.622724,62,17377.378334,medium,0.684423676012461,2.684423676012461,2,617
0.288599,61,17405.194077,medium,0.3492990654205608,0.3492990654205608,0,607
1.579541,69,17427.063405,medium,0.6477414330218069,1.6477414330218068,1,682
2.835107,70,17450.082301,medium,0.9049065420560748,2.9049065420560747,2,698
3.9196,81,17477.176983,medium,1.0,4.0,3,804
2.63027,73,17501.448208,medium,0.702570093457944,2.702570093457944,2,723
2.684143,90,17530.232254,medium,0.7741433021806854,2.7741433021806854,2,900
0.179714,56,17547.6079,medium,0.23551401869158878,0.23551401869158878,0,558
3.9421,58,17573.834131,medium,1.0,4.0,3,579
2.855872,90,17602.369995,medium,0.9458722741433022,2.9458722741433023,2,900
1.58671,88,17630.96949,medium,0.6739096573208723,1.6739096573208723,1,872
2.830877,69,17653.373031,medium,0.8993769470404984,2.8993769470404986,2,685
2.790092,71,17676.196842,medium,0.8605919003115264,2.8605919003115265,2,705
1.668255,90,17705.307413,medium,0.7582554517133956,1.7582554517133957,1,900
2.832579,77,17737.534653,medium,0.9088785046728972,2.9088785046728973,2,763
1.467202,85,17764.935908,medium,0.5514018691588785,1.5514018691588785,1,842
0.36952,63,17785.123428,medium,0.431619937694704,0.431619937694704,0,621
0.264996,74,17808.922716,medium,0.3383956386292835,0.3383956386292835,0,734
2.659286,81,17834.91757,medium,0.7394859813084113,2.739485981308411,2,802
2.785783,77,17860.354948,medium,0.8623831775700934,2.862383177570093,2,766
2.46384,54,17877.810754,medium,0.5176401869158879,2.5176401869158878,2,538
3.9251,75,17909.512519,medium,1.0,4.0,3,749
2.783405,62,17930.160973,medium,0.8454049844236761,2.845404984423676,2,620
2.756886,66,17952.3154,medium,0.8225856697819315,2.8225856697819314,2,657
2.62935,75,17977.05105,medium,0.7040498442367601,2.70404984423676,2,747
3.93,70,18001.340477,medium,1.0,4.0,3,700
2.744257,82,18028.90879,medium,0.8258566978193146,2.8258566978193147,2,816
0.34081,84,18057.242564,medium,0.42390965732087227,0.42390965732087227,0,831
3.9145,86,18093.757252,medium,1.0,4.0,3,855
1.440795,64,18115.301183,medium,0.504595015576324,1.504595015576324,1,638
1.753545,81,18141.873075,medium,0.8336448598130841,1.8336448598130841,1,801
3.9347,66,18163.651699,medium,1.0,4.0,3,653
2.638938,73,18188.739963,medium,0.7118380062305296,2.7118380062305296,2,729
3.929,71,18212.392063,medium,1.0,4.0,3,710
3.927,73,18235.781042,medium,1.0,4.0,3,730
